name,category,filename,description,prompt_midjourney,prompt_dalle
West of House,house,west-of-house.jpg,A mysterious location known as West of House,"A mysterious location known as West of House, retro 1980s fantasy RPG illustration, hand-painted style, reminiscent of classic Dungeons & Dragons adventure module artwork, rich colors, atmospheric lighting, fantastical and mysterious mood, vintage tabletop game aesthetic, painted by artists like Larry Elmore or Keith Parkinson, slight paper texture, adventurous composition --ar 4:3 --s 400","A mysterious location known as West of House, retro 1980s fantasy RPG illustration, hand-painted style, reminiscent of classic Dungeons & Dragons adventure module artwork, rich colors, atmospheric lighting, fantastical and mysterious mood, vintage tabletop game aesthetic, painted by artists like Larry Elmore or Keith Parkinson, slight paper texture, adventurous composition"
Stone Barrow,dungeon,stone-barrow.jpg,You are standing in front of a massive barrow of stone. In the east face is a huge stone door which is open. You cannot see into the dark of the tomb.,"You are standing in front of a massive barrow of stone. In the east face is a huge stone door which is open. You cannot see into the dark of the tomb., retro 1980s fantasy RPG illustration, hand-painted style, reminiscent of classic Dungeons & Dragons adventure module artwork, rich colors, atmospheric lighting, fantastical and mysterious mood, vintage tabletop game aesthetic, painted by artists like Larry Elmore or Keith Parkinson, slight paper texture, adventurous composition --ar 4:3 --s 400","You are standing in front of a massive barrow of stone. In the east face is a huge stone door which is open. You cannot see into the dark of the tomb., retro 1980s fantasy RPG illustration, hand-painted style, reminiscent of classic Dungeons & Dragons adventure module artwork, rich colors, atmospheric lighting, fantastical and mysterious mood, vintage tabletop game aesthetic, painted by artists like Larry Elmore or Keith Parkinson, slight paper texture, adventurous composition"
North of House,house,north-of-house.jpg,"You are facing the north side of a white house. There is no door here, and all the windows are boarded up. To the north a narrow path winds through the trees.","You are facing the north side of a white house. There is no door here, and all the windows are boarded up. To the north a narrow path winds through the trees., retro 1980s fantasy RPG illustration, hand-painted style, reminiscent of classic Dungeons & Dragons adventure module artwork, rich colors, atmospheric lighting, fantastical and mysterious mood, vintage tabletop game aesthetic, painted by artists like Larry Elmore or Keith Parkinson, slight paper texture, adventurous composition --ar 4:3 --s 400","You are facing the north side of a white house. There is no door here, and all the windows are boarded up. To the north a narrow path winds through the trees., retro 1980s fantasy RPG illustration, hand-painted style, reminiscent of classic Dungeons & Dragons adventure module artwork, rich colors, atmospheric lighting, fantastical and mysterious mood, vintage tabletop game aesthetic, painted by artists like Larry Elmore or Keith Parkinson, slight paper texture, adventurous composition"
South of House,house,south-of-house.jpg,"You are facing the south side of a white house. There is no door here, and all the windows are boarded.","You are facing the south side of a white house. There is no door here, and all the windows are boarded., retro 1980s fantasy RPG illustration, hand-painted style, reminiscent of classic Dungeons & Dragons adventure module artwork, rich colors, atmospheric lighting, fantastical and mysterious mood, vintage tabletop game aesthetic, painted by artists like Larry Elmore or Keith Parkinson, slight paper texture, adventurous composition --ar 4:3 --s 400","You are facing the south side of a white house. There is no door here, and all the windows are boarded., retro 1980s fantasy RPG illustration, hand-painted style, reminiscent of classic Dungeons & Dragons adventure module artwork, rich colors, atmospheric lighting, fantastical and mysterious mood, vintage tabletop game aesthetic, painted by artists like Larry Elmore or Keith Parkinson, slight paper texture, adventurous composition"
Behind House,house,behind-house.jpg,A mysterious location known as Behind House,"A mysterious location known as Behind House, retro 1980s fantasy RPG illustration, hand-painted style, reminiscent of classic Dungeons & Dragons adventure module artwork, rich colors, atmospheric lighting, fantastical and mysterious mood, vintage tabletop game aesthetic, painted by artists like Larry Elmore or Keith Parkinson, slight paper texture, adventurous composition --ar 4:3 --s 400","A mysterious location known as Behind House, retro 1980s fantasy RPG illustration, hand-painted style, reminiscent of classic Dungeons & Dragons adventure module artwork, rich colors, atmospheric lighting, fantastical and mysterious mood, vintage tabletop game aesthetic, painted by artists like Larry Elmore or Keith Parkinson, slight paper texture, adventurous composition"
Forest,forest,forest.jpg,"This is a forest, with trees in all directions. To the east, there appears to be sunlight.","This is a forest, with trees in all directions. To the east, there appears to be sunlight., retro 1980s fantasy RPG illustration, hand-painted style, reminiscent of classic Dungeons & Dragons adventure module artwork, rich colors, atmospheric lighting, fantastical and mysterious mood, vintage tabletop game aesthetic, painted by artists like Larry Elmore or Keith Parkinson, slight paper texture, adventurous composition --ar 4:3 --s 400","This is a forest, with trees in all directions. To the east, there appears to be sunlight., retro 1980s fantasy RPG illustration, hand-painted style, reminiscent of classic Dungeons & Dragons adventure module artwork, rich colors, atmospheric lighting, fantastical and mysterious mood, vintage tabletop game aesthetic, painted by artists like Larry Elmore or Keith Parkinson, slight paper texture, adventurous composition"
Forest,forest,forest.jpg,"This is a dimly lit forest, with large trees all around.","This is a dimly lit forest, with large trees all around., retro 1980s fantasy RPG illustration, hand-painted style, reminiscent of classic Dungeons & Dragons adventure module artwork, rich colors, atmospheric lighting, fantastical and mysterious mood, vintage tabletop game aesthetic, painted by artists like Larry Elmore or Keith Parkinson, slight paper texture, adventurous composition --ar 4:3 --s 400","This is a dimly lit forest, with large trees all around., retro 1980s fantasy RPG illustration, hand-painted style, reminiscent of classic Dungeons & Dragons adventure module artwork, rich colors, atmospheric lighting, fantastical and mysterious mood, vintage tabletop game aesthetic, painted by artists like Larry Elmore or Keith Parkinson, slight paper texture, adventurous composition"
Forest,forest,forest.jpg,"The forest thins out, revealing impassable mountains.","The forest thins out, revealing impassable mountains., retro 1980s fantasy RPG illustration, hand-painted style, reminiscent of classic Dungeons & Dragons adventure module artwork, rich colors, atmospheric lighting, fantastical and mysterious mood, vintage tabletop game aesthetic, painted by artists like Larry Elmore or Keith Parkinson, slight paper texture, adventurous composition --ar 4:3 --s 400","The forest thins out, revealing impassable mountains., retro 1980s fantasy RPG illustration, hand-painted style, reminiscent of classic Dungeons & Dragons adventure module artwork, rich colors, atmospheric lighting, fantastical and mysterious mood, vintage tabletop game aesthetic, painted by artists like Larry Elmore or Keith Parkinson, slight paper texture, adventurous composition"
Forest,forest,forest.jpg,"This is a dimly lit forest, with large trees all around.","This is a dimly lit forest, with large trees all around., retro 1980s fantasy RPG illustration, hand-painted style, reminiscent of classic Dungeons & Dragons adventure module artwork, rich colors, atmospheric lighting, fantastical and mysterious mood, vintage tabletop game aesthetic, painted by artists like Larry Elmore or Keith Parkinson, slight paper texture, adventurous composition --ar 4:3 --s 400","This is a dimly lit forest, with large trees all around., retro 1980s fantasy RPG illustration, hand-painted style, reminiscent of classic Dungeons & Dragons adventure module artwork, rich colors, atmospheric lighting, fantastical and mysterious mood, vintage tabletop game aesthetic, painted by artists like Larry Elmore or Keith Parkinson, slight paper texture, adventurous composition"
Forest Path,forest,forest-path.jpg,This is a path winding through a dimly lit forest. The path heads north-south here. One particularly large tree with some low branches stands at the edge of the path.,"This is a path winding through a dimly lit forest. The path heads north-south here. One particularly large tree with some low branches stands at the edge of the path., retro 1980s fantasy RPG illustration, hand-painted style, reminiscent of classic Dungeons & Dragons adventure module artwork, rich colors, atmospheric lighting, fantastical and mysterious mood, vintage tabletop game aesthetic, painted by artists like Larry Elmore or Keith Parkinson, slight paper texture, adventurous composition --ar 4:3 --s 400","This is a path winding through a dimly lit forest. The path heads north-south here. One particularly large tree with some low branches stands at the edge of the path., retro 1980s fantasy RPG illustration, hand-painted style, reminiscent of classic Dungeons & Dragons adventure module artwork, rich colors, atmospheric lighting, fantastical and mysterious mood, vintage tabletop game aesthetic, painted by artists like Larry Elmore or Keith Parkinson, slight paper texture, adventurous composition"
Up a Tree,forest,up-a-tree.jpg,A mysterious location known as Up a Tree,"A mysterious location known as Up a Tree, retro 1980s fantasy RPG illustration, hand-painted style, reminiscent of classic Dungeons & Dragons adventure module artwork, rich colors, atmospheric lighting, fantastical and mysterious mood, vintage tabletop game aesthetic, painted by artists like Larry Elmore or Keith Parkinson, slight paper texture, adventurous composition --ar 4:3 --s 400","A mysterious location known as Up a Tree, retro 1980s fantasy RPG illustration, hand-painted style, reminiscent of classic Dungeons & Dragons adventure module artwork, rich colors, atmospheric lighting, fantastical and mysterious mood, vintage tabletop game aesthetic, painted by artists like Larry Elmore or Keith Parkinson, slight paper texture, adventurous composition"
Clearing,forest,clearing.jpg,A mysterious location known as Clearing,"A mysterious location known as Clearing, retro 1980s fantasy RPG illustration, hand-painted style, reminiscent of classic Dungeons & Dragons adventure module artwork, rich colors, atmospheric lighting, fantastical and mysterious mood, vintage tabletop game aesthetic, painted by artists like Larry Elmore or Keith Parkinson, slight paper texture, adventurous composition --ar 4:3 --s 400","A mysterious location known as Clearing, retro 1980s fantasy RPG illustration, hand-painted style, reminiscent of classic Dungeons & Dragons adventure module artwork, rich colors, atmospheric lighting, fantastical and mysterious mood, vintage tabletop game aesthetic, painted by artists like Larry Elmore or Keith Parkinson, slight paper texture, adventurous composition"
Clearing,forest,clearing.jpg,You are in a small clearing in a well marked forest path that extends to the east and west.,"You are in a small clearing in a well marked forest path that extends to the east and west., retro 1980s fantasy RPG illustration, hand-painted style, reminiscent of classic Dungeons & Dragons adventure module artwork, rich colors, atmospheric lighting, fantastical and mysterious mood, vintage tabletop game aesthetic, painted by artists like Larry Elmore or Keith Parkinson, slight paper texture, adventurous composition --ar 4:3 --s 400","You are in a small clearing in a well marked forest path that extends to the east and west., retro 1980s fantasy RPG illustration, hand-painted style, reminiscent of classic Dungeons & Dragons adventure module artwork, rich colors, atmospheric lighting, fantastical and mysterious mood, vintage tabletop game aesthetic, painted by artists like Larry Elmore or Keith Parkinson, slight paper texture, adventurous composition"
Kitchen,house,kitchen.jpg,A mysterious location known as Kitchen,"A mysterious location known as Kitchen, retro 1980s fantasy RPG illustration, hand-painted style, reminiscent of classic Dungeons & Dragons adventure module artwork, rich colors, atmospheric lighting, fantastical and mysterious mood, vintage tabletop game aesthetic, painted by artists like Larry Elmore or Keith Parkinson, slight paper texture, adventurous composition --ar 4:3 --s 400","A mysterious location known as Kitchen, retro 1980s fantasy RPG illustration, hand-painted style, reminiscent of classic Dungeons & Dragons adventure module artwork, rich colors, atmospheric lighting, fantastical and mysterious mood, vintage tabletop game aesthetic, painted by artists like Larry Elmore or Keith Parkinson, slight paper texture, adventurous composition"
Attic,house,attic.jpg,This is the attic. The only exit is a stairway leading down.,"This is the attic. The only exit is a stairway leading down., retro 1980s fantasy RPG illustration, hand-painted style, reminiscent of classic Dungeons & Dragons adventure module artwork, rich colors, atmospheric lighting, fantastical and mysterious mood, vintage tabletop game aesthetic, painted by artists like Larry Elmore or Keith Parkinson, slight paper texture, adventurous composition --ar 4:3 --s 400","This is the attic. The only exit is a stairway leading down., retro 1980s fantasy RPG illustration, hand-painted style, reminiscent of classic Dungeons & Dragons adventure module artwork, rich colors, atmospheric lighting, fantastical and mysterious mood, vintage tabletop game aesthetic, painted by artists like Larry Elmore or Keith Parkinson, slight paper texture, adventurous composition"
Living Room,house,living-room.jpg,A mysterious location known as Living Room,"A mysterious location known as Living Room, retro 1980s fantasy RPG illustration, hand-painted style, reminiscent of classic Dungeons & Dragons adventure module artwork, rich colors, atmospheric lighting, fantastical and mysterious mood, vintage tabletop game aesthetic, painted by artists like Larry Elmore or Keith Parkinson, slight paper texture, adventurous composition --ar 4:3 --s 400","A mysterious location known as Living Room, retro 1980s fantasy RPG illustration, hand-painted style, reminiscent of classic Dungeons & Dragons adventure module artwork, rich colors, atmospheric lighting, fantastical and mysterious mood, vintage tabletop game aesthetic, painted by artists like Larry Elmore or Keith Parkinson, slight paper texture, adventurous composition"
Cellar,other,cellar.jpg,A mysterious location known as Cellar,"A mysterious location known as Cellar, retro 1980s fantasy RPG illustration, hand-painted style, reminiscent of classic Dungeons & Dragons adventure module artwork, rich colors, atmospheric lighting, fantastical and mysterious mood, vintage tabletop game aesthetic, painted by artists like Larry Elmore or Keith Parkinson, slight paper texture, adventurous composition --ar 4:3 --s 400","A mysterious location known as Cellar, retro 1980s fantasy RPG illustration, hand-painted style, reminiscent of classic Dungeons & Dragons adventure module artwork, rich colors, atmospheric lighting, fantastical and mysterious mood, vintage tabletop game aesthetic, painted by artists like Larry Elmore or Keith Parkinson, slight paper texture, adventurous composition"
The Troll Room,other,the-troll-room.jpg,This is a small room with passages to the east and south and a forbidding hole leading west. Bloodstains and deep scratches (perhaps made by an axe) mar the walls.,"This is a small room with passages to the east and south and a forbidding hole leading west. Bloodstains and deep scratches (perhaps made by an axe) mar the walls., retro 1980s fantasy RPG illustration, hand-painted style, reminiscent of classic Dungeons & Dragons adventure module artwork, rich colors, atmospheric lighting, fantastical and mysterious mood, vintage tabletop game aesthetic, painted by artists like Larry Elmore or Keith Parkinson, slight paper texture, adventurous composition --ar 4:3 --s 400","This is a small room with passages to the east and south and a forbidding hole leading west. Bloodstains and deep scratches (perhaps made by an axe) mar the walls., retro 1980s fantasy RPG illustration, hand-painted style, reminiscent of classic Dungeons & Dragons adventure module artwork, rich colors, atmospheric lighting, fantastical and mysterious mood, vintage tabletop game aesthetic, painted by artists like Larry Elmore or Keith Parkinson, slight paper texture, adventurous composition"
East of Chasm,other,east-of-chasm.jpg,"You are on the east edge of a chasm, the bottom of which cannot be seen. A narrow passage goes north, and the path you are on continues to the east.","You are on the east edge of a chasm, the bottom of which cannot be seen. A narrow passage goes north, and the path you are on continues to the east., retro 1980s fantasy RPG illustration, hand-painted style, reminiscent of classic Dungeons & Dragons adventure module artwork, rich colors, atmospheric lighting, fantastical and mysterious mood, vintage tabletop game aesthetic, painted by artists like Larry Elmore or Keith Parkinson, slight paper texture, adventurous composition --ar 4:3 --s 400","You are on the east edge of a chasm, the bottom of which cannot be seen. A narrow passage goes north, and the path you are on continues to the east., retro 1980s fantasy RPG illustration, hand-painted style, reminiscent of classic Dungeons & Dragons adventure module artwork, rich colors, atmospheric lighting, fantastical and mysterious mood, vintage tabletop game aesthetic, painted by artists like Larry Elmore or Keith Parkinson, slight paper texture, adventurous composition"
Gallery,other,gallery.jpg,This is an art gallery. Most of the paintings have been stolen by vandals with exceptional taste. The vandals left through either the north or west exits.,"This is an art gallery. Most of the paintings have been stolen by vandals with exceptional taste. The vandals left through either the north or west exits., retro 1980s fantasy RPG illustration, hand-painted style, reminiscent of classic Dungeons & Dragons adventure module artwork, rich colors, atmospheric lighting, fantastical and mysterious mood, vintage tabletop game aesthetic, painted by artists like Larry Elmore or Keith Parkinson, slight paper texture, adventurous composition --ar 4:3 --s 400","This is an art gallery. Most of the paintings have been stolen by vandals with exceptional taste. The vandals left through either the north or west exits., retro 1980s fantasy RPG illustration, hand-painted style, reminiscent of classic Dungeons & Dragons adventure module artwork, rich colors, atmospheric lighting, fantastical and mysterious mood, vintage tabletop game aesthetic, painted by artists like Larry Elmore or Keith Parkinson, slight paper texture, adventurous composition"
Studio,other,studio.jpg,"This appears to have been an artist's studio. The walls and floors are splattered with paints of 69 different colors. Strangely enough, nothing of value is hanging here. At the south end of the room is an open door (also covered with paint). A dark and narrow chimney leads up from a fireplace; although you might be able to get up it, it seems unlikely you could get back down.","This appears to have been an artist's studio. The walls and floors are splattered with paints of 69 different colors. Strangely enough, nothing of value is hanging here. At the south end of the room is an open door (also covered with paint). A dark and narrow chimney leads up from a fireplace; although you might be able to get up it, it seems unlikely you could get back down., retro 1980s fantasy RPG illustration, hand-painted style, reminiscent of classic Dungeons & Dragons adventure module artwork, rich colors, atmospheric lighting, fantastical and mysterious mood, vintage tabletop game aesthetic, painted by artists like Larry Elmore or Keith Parkinson, slight paper texture, adventurous composition --ar 4:3 --s 400","This appears to have been an artist's studio. The walls and floors are splattered with paints of 69 different colors. Strangely enough, nothing of value is hanging here. At the south end of the room is an open door (also covered with paint). A dark and narrow chimney leads up from a fireplace; although you might be able to get up it, it seems unlikely you could get back down., retro 1980s fantasy RPG illustration, hand-painted style, reminiscent of classic Dungeons & Dragons adventure module artwork, rich colors, atmospheric lighting, fantastical and mysterious mood, vintage tabletop game aesthetic, painted by artists like Larry Elmore or Keith Parkinson, slight paper texture, adventurous composition"
Maze,maze,maze.jpg,"This is part of a maze of twisty little passages, all alike.","This is part of a maze of twisty little passages, all alike., retro 1980s fantasy RPG illustration, hand-painted style, reminiscent of classic Dungeons & Dragons adventure module artwork, rich colors, atmospheric lighting, fantastical and mysterious mood, vintage tabletop game aesthetic, painted by artists like Larry Elmore or Keith Parkinson, slight paper texture, adventurous composition --ar 4:3 --s 400","This is part of a maze of twisty little passages, all alike., retro 1980s fantasy RPG illustration, hand-painted style, reminiscent of classic Dungeons & Dragons adventure module artwork, rich colors, atmospheric lighting, fantastical and mysterious mood, vintage tabletop game aesthetic, painted by artists like Larry Elmore or Keith Parkinson, slight paper texture, adventurous composition"
Maze,maze,maze.jpg,"This is part of a maze of twisty little passages, all alike.","This is part of a maze of twisty little passages, all alike., retro 1980s fantasy RPG illustration, hand-painted style, reminiscent of classic Dungeons & Dragons adventure module artwork, rich colors, atmospheric lighting, fantastical and mysterious mood, vintage tabletop game aesthetic, painted by artists like Larry Elmore or Keith Parkinson, slight paper texture, adventurous composition --ar 4:3 --s 400","This is part of a maze of twisty little passages, all alike., retro 1980s fantasy RPG illustration, hand-painted style, reminiscent of classic Dungeons & Dragons adventure module artwork, rich colors, atmospheric lighting, fantastical and mysterious mood, vintage tabletop game aesthetic, painted by artists like Larry Elmore or Keith Parkinson, slight paper texture, adventurous composition"
Maze,maze,maze.jpg,"This is part of a maze of twisty little passages, all alike.","This is part of a maze of twisty little passages, all alike., retro 1980s fantasy RPG illustration, hand-painted style, reminiscent of classic Dungeons & Dragons adventure module artwork, rich colors, atmospheric lighting, fantastical and mysterious mood, vintage tabletop game aesthetic, painted by artists like Larry Elmore or Keith Parkinson, slight paper texture, adventurous composition --ar 4:3 --s 400","This is part of a maze of twisty little passages, all alike., retro 1980s fantasy RPG illustration, hand-painted style, reminiscent of classic Dungeons & Dragons adventure module artwork, rich colors, atmospheric lighting, fantastical and mysterious mood, vintage tabletop game aesthetic, painted by artists like Larry Elmore or Keith Parkinson, slight paper texture, adventurous composition"
Maze,maze,maze.jpg,"This is part of a maze of twisty little passages, all alike.","This is part of a maze of twisty little passages, all alike., retro 1980s fantasy RPG illustration, hand-painted style, reminiscent of classic Dungeons & Dragons adventure module artwork, rich colors, atmospheric lighting, fantastical and mysterious mood, vintage tabletop game aesthetic, painted by artists like Larry Elmore or Keith Parkinson, slight paper texture, adventurous composition --ar 4:3 --s 400","This is part of a maze of twisty little passages, all alike., retro 1980s fantasy RPG illustration, hand-painted style, reminiscent of classic Dungeons & Dragons adventure module artwork, rich colors, atmospheric lighting, fantastical and mysterious mood, vintage tabletop game aesthetic, painted by artists like Larry Elmore or Keith Parkinson, slight paper texture, adventurous composition"
Dead End,other,dead-end.jpg,You have come to a dead end in the maze.,"You have come to a dead end in the maze., retro 1980s fantasy RPG illustration, hand-painted style, reminiscent of classic Dungeons & Dragons adventure module artwork, rich colors, atmospheric lighting, fantastical and mysterious mood, vintage tabletop game aesthetic, painted by artists like Larry Elmore or Keith Parkinson, slight paper texture, adventurous composition --ar 4:3 --s 400","You have come to a dead end in the maze., retro 1980s fantasy RPG illustration, hand-painted style, reminiscent of classic Dungeons & Dragons adventure module artwork, rich colors, atmospheric lighting, fantastical and mysterious mood, vintage tabletop game aesthetic, painted by artists like Larry Elmore or Keith Parkinson, slight paper texture, adventurous composition"
Maze,maze,maze.jpg,"This is part of a maze of twisty little passages, all alike. A skeleton, probably the remains of a luckless adventurer, lies here.","This is part of a maze of twisty little passages, all alike. A skeleton, probably the remains of a luckless adventurer, lies here., retro 1980s fantasy RPG illustration, hand-painted style, reminiscent of classic Dungeons & Dragons adventure module artwork, rich colors, atmospheric lighting, fantastical and mysterious mood, vintage tabletop game aesthetic, painted by artists like Larry Elmore or Keith Parkinson, slight paper texture, adventurous composition --ar 4:3 --s 400","This is part of a maze of twisty little passages, all alike. A skeleton, probably the remains of a luckless adventurer, lies here., retro 1980s fantasy RPG illustration, hand-painted style, reminiscent of classic Dungeons & Dragons adventure module artwork, rich colors, atmospheric lighting, fantastical and mysterious mood, vintage tabletop game aesthetic, painted by artists like Larry Elmore or Keith Parkinson, slight paper texture, adventurous composition"
Dead End,other,dead-end.jpg,You have come to a dead end in the maze.,"You have come to a dead end in the maze., retro 1980s fantasy RPG illustration, hand-painted style, reminiscent of classic Dungeons & Dragons adventure module artwork, rich colors, atmospheric lighting, fantastical and mysterious mood, vintage tabletop game aesthetic, painted by artists like Larry Elmore or Keith Parkinson, slight paper texture, adventurous composition --ar 4:3 --s 400","You have come to a dead end in the maze., retro 1980s fantasy RPG illustration, hand-painted style, reminiscent of classic Dungeons & Dragons adventure module artwork, rich colors, atmospheric lighting, fantastical and mysterious mood, vintage tabletop game aesthetic, painted by artists like Larry Elmore or Keith Parkinson, slight paper texture, adventurous composition"
Maze,maze,maze.jpg,"This is part of a maze of twisty little passages, all alike.","This is part of a maze of twisty little passages, all alike., retro 1980s fantasy RPG illustration, hand-painted style, reminiscent of classic Dungeons & Dragons adventure module artwork, rich colors, atmospheric lighting, fantastical and mysterious mood, vintage tabletop game aesthetic, painted by artists like Larry Elmore or Keith Parkinson, slight paper texture, adventurous composition --ar 4:3 --s 400","This is part of a maze of twisty little passages, all alike., retro 1980s fantasy RPG illustration, hand-painted style, reminiscent of classic Dungeons & Dragons adventure module artwork, rich colors, atmospheric lighting, fantastical and mysterious mood, vintage tabletop game aesthetic, painted by artists like Larry Elmore or Keith Parkinson, slight paper texture, adventurous composition"
Maze,maze,maze.jpg,"This is part of a maze of twisty little passages, all alike.","This is part of a maze of twisty little passages, all alike., retro 1980s fantasy RPG illustration, hand-painted style, reminiscent of classic Dungeons & Dragons adventure module artwork, rich colors, atmospheric lighting, fantastical and mysterious mood, vintage tabletop game aesthetic, painted by artists like Larry Elmore or Keith Parkinson, slight paper texture, adventurous composition --ar 4:3 --s 400","This is part of a maze of twisty little passages, all alike., retro 1980s fantasy RPG illustration, hand-painted style, reminiscent of classic Dungeons & Dragons adventure module artwork, rich colors, atmospheric lighting, fantastical and mysterious mood, vintage tabletop game aesthetic, painted by artists like Larry Elmore or Keith Parkinson, slight paper texture, adventurous composition"
Maze,maze,maze.jpg,"This is part of a maze of twisty little passages, all alike.","This is part of a maze of twisty little passages, all alike., retro 1980s fantasy RPG illustration, hand-painted style, reminiscent of classic Dungeons & Dragons adventure module artwork, rich colors, atmospheric lighting, fantastical and mysterious mood, vintage tabletop game aesthetic, painted by artists like Larry Elmore or Keith Parkinson, slight paper texture, adventurous composition --ar 4:3 --s 400","This is part of a maze of twisty little passages, all alike., retro 1980s fantasy RPG illustration, hand-painted style, reminiscent of classic Dungeons & Dragons adventure module artwork, rich colors, atmospheric lighting, fantastical and mysterious mood, vintage tabletop game aesthetic, painted by artists like Larry Elmore or Keith Parkinson, slight paper texture, adventurous composition"
Dead End,other,dead-end.jpg,You have come to a dead end in the maze.,"You have come to a dead end in the maze., retro 1980s fantasy RPG illustration, hand-painted style, reminiscent of classic Dungeons & Dragons adventure module artwork, rich colors, atmospheric lighting, fantastical and mysterious mood, vintage tabletop game aesthetic, painted by artists like Larry Elmore or Keith Parkinson, slight paper texture, adventurous composition --ar 4:3 --s 400","You have come to a dead end in the maze., retro 1980s fantasy RPG illustration, hand-painted style, reminiscent of classic Dungeons & Dragons adventure module artwork, rich colors, atmospheric lighting, fantastical and mysterious mood, vintage tabletop game aesthetic, painted by artists like Larry Elmore or Keith Parkinson, slight paper texture, adventurous composition"
Maze,maze,maze.jpg,"This is part of a maze of twisty little passages, all alike.","This is part of a maze of twisty little passages, all alike., retro 1980s fantasy RPG illustration, hand-painted style, reminiscent of classic Dungeons & Dragons adventure module artwork, rich colors, atmospheric lighting, fantastical and mysterious mood, vintage tabletop game aesthetic, painted by artists like Larry Elmore or Keith Parkinson, slight paper texture, adventurous composition --ar 4:3 --s 400","This is part of a maze of twisty little passages, all alike., retro 1980s fantasy RPG illustration, hand-painted style, reminiscent of classic Dungeons & Dragons adventure module artwork, rich colors, atmospheric lighting, fantastical and mysterious mood, vintage tabletop game aesthetic, painted by artists like Larry Elmore or Keith Parkinson, slight paper texture, adventurous composition"
Maze,maze,maze.jpg,"This is part of a maze of twisty little passages, all alike.","This is part of a maze of twisty little passages, all alike., retro 1980s fantasy RPG illustration, hand-painted style, reminiscent of classic Dungeons & Dragons adventure module artwork, rich colors, atmospheric lighting, fantastical and mysterious mood, vintage tabletop game aesthetic, painted by artists like Larry Elmore or Keith Parkinson, slight paper texture, adventurous composition --ar 4:3 --s 400","This is part of a maze of twisty little passages, all alike., retro 1980s fantasy RPG illustration, hand-painted style, reminiscent of classic Dungeons & Dragons adventure module artwork, rich colors, atmospheric lighting, fantastical and mysterious mood, vintage tabletop game aesthetic, painted by artists like Larry Elmore or Keith Parkinson, slight paper texture, adventurous composition"
Maze,maze,maze.jpg,"This is part of a maze of twisty little passages, all alike.","This is part of a maze of twisty little passages, all alike., retro 1980s fantasy RPG illustration, hand-painted style, reminiscent of classic Dungeons & Dragons adventure module artwork, rich colors, atmospheric lighting, fantastical and mysterious mood, vintage tabletop game aesthetic, painted by artists like Larry Elmore or Keith Parkinson, slight paper texture, adventurous composition --ar 4:3 --s 400","This is part of a maze of twisty little passages, all alike., retro 1980s fantasy RPG illustration, hand-painted style, reminiscent of classic Dungeons & Dragons adventure module artwork, rich colors, atmospheric lighting, fantastical and mysterious mood, vintage tabletop game aesthetic, painted by artists like Larry Elmore or Keith Parkinson, slight paper texture, adventurous composition"
Grating Room,other,grating-room.jpg,A mysterious location known as Grating Room,"A mysterious location known as Grating Room, retro 1980s fantasy RPG illustration, hand-painted style, reminiscent of classic Dungeons & Dragons adventure module artwork, rich colors, atmospheric lighting, fantastical and mysterious mood, vintage tabletop game aesthetic, painted by artists like Larry Elmore or Keith Parkinson, slight paper texture, adventurous composition --ar 4:3 --s 400","A mysterious location known as Grating Room, retro 1980s fantasy RPG illustration, hand-painted style, reminiscent of classic Dungeons & Dragons adventure module artwork, rich colors, atmospheric lighting, fantastical and mysterious mood, vintage tabletop game aesthetic, painted by artists like Larry Elmore or Keith Parkinson, slight paper texture, adventurous composition"
Maze,maze,maze.jpg,"This is part of a maze of twisty little passages, all alike.","This is part of a maze of twisty little passages, all alike., retro 1980s fantasy RPG illustration, hand-painted style, reminiscent of classic Dungeons & Dragons adventure module artwork, rich colors, atmospheric lighting, fantastical and mysterious mood, vintage tabletop game aesthetic, painted by artists like Larry Elmore or Keith Parkinson, slight paper texture, adventurous composition --ar 4:3 --s 400","This is part of a maze of twisty little passages, all alike., retro 1980s fantasy RPG illustration, hand-painted style, reminiscent of classic Dungeons & Dragons adventure module artwork, rich colors, atmospheric lighting, fantastical and mysterious mood, vintage tabletop game aesthetic, painted by artists like Larry Elmore or Keith Parkinson, slight paper texture, adventurous composition"
Dead End,other,dead-end.jpg,You have come to a dead end in the maze.,"You have come to a dead end in the maze., retro 1980s fantasy RPG illustration, hand-painted style, reminiscent of classic Dungeons & Dragons adventure module artwork, rich colors, atmospheric lighting, fantastical and mysterious mood, vintage tabletop game aesthetic, painted by artists like Larry Elmore or Keith Parkinson, slight paper texture, adventurous composition --ar 4:3 --s 400","You have come to a dead end in the maze., retro 1980s fantasy RPG illustration, hand-painted style, reminiscent of classic Dungeons & Dragons adventure module artwork, rich colors, atmospheric lighting, fantastical and mysterious mood, vintage tabletop game aesthetic, painted by artists like Larry Elmore or Keith Parkinson, slight paper texture, adventurous composition"
Maze,maze,maze.jpg,"This is part of a maze of twisty little passages, all alike.","This is part of a maze of twisty little passages, all alike., retro 1980s fantasy RPG illustration, hand-painted style, reminiscent of classic Dungeons & Dragons adventure module artwork, rich colors, atmospheric lighting, fantastical and mysterious mood, vintage tabletop game aesthetic, painted by artists like Larry Elmore or Keith Parkinson, slight paper texture, adventurous composition --ar 4:3 --s 400","This is part of a maze of twisty little passages, all alike., retro 1980s fantasy RPG illustration, hand-painted style, reminiscent of classic Dungeons & Dragons adventure module artwork, rich colors, atmospheric lighting, fantastical and mysterious mood, vintage tabletop game aesthetic, painted by artists like Larry Elmore or Keith Parkinson, slight paper texture, adventurous composition"
Maze,maze,maze.jpg,"This is part of a maze of twisty little passages, all alike.","This is part of a maze of twisty little passages, all alike., retro 1980s fantasy RPG illustration, hand-painted style, reminiscent of classic Dungeons & Dragons adventure module artwork, rich colors, atmospheric lighting, fantastical and mysterious mood, vintage tabletop game aesthetic, painted by artists like Larry Elmore or Keith Parkinson, slight paper texture, adventurous composition --ar 4:3 --s 400","This is part of a maze of twisty little passages, all alike., retro 1980s fantasy RPG illustration, hand-painted style, reminiscent of classic Dungeons & Dragons adventure module artwork, rich colors, atmospheric lighting, fantastical and mysterious mood, vintage tabletop game aesthetic, painted by artists like Larry Elmore or Keith Parkinson, slight paper texture, adventurous composition"
Maze,maze,maze.jpg,"This is part of a maze of twisty little passages, all alike.","This is part of a maze of twisty little passages, all alike., retro 1980s fantasy RPG illustration, hand-painted style, reminiscent of classic Dungeons & Dragons adventure module artwork, rich colors, atmospheric lighting, fantastical and mysterious mood, vintage tabletop game aesthetic, painted by artists like Larry Elmore or Keith Parkinson, slight paper texture, adventurous composition --ar 4:3 --s 400","This is part of a maze of twisty little passages, all alike., retro 1980s fantasy RPG illustration, hand-painted style, reminiscent of classic Dungeons & Dragons adventure module artwork, rich colors, atmospheric lighting, fantastical and mysterious mood, vintage tabletop game aesthetic, painted by artists like Larry Elmore or Keith Parkinson, slight paper texture, adventurous composition"
Cyclops Room,other,cyclops-room.jpg,A mysterious location known as Cyclops Room,"A mysterious location known as Cyclops Room, retro 1980s fantasy RPG illustration, hand-painted style, reminiscent of classic Dungeons & Dragons adventure module artwork, rich colors, atmospheric lighting, fantastical and mysterious mood, vintage tabletop game aesthetic, painted by artists like Larry Elmore or Keith Parkinson, slight paper texture, adventurous composition --ar 4:3 --s 400","A mysterious location known as Cyclops Room, retro 1980s fantasy RPG illustration, hand-painted style, reminiscent of classic Dungeons & Dragons adventure module artwork, rich colors, atmospheric lighting, fantastical and mysterious mood, vintage tabletop game aesthetic, painted by artists like Larry Elmore or Keith Parkinson, slight paper texture, adventurous composition"
Strange Passage,maze,strange-passage.jpg,"This is a long passage. To the west is one entrance. On the east there is an old wooden door, with a large opening in it (about cyclops sized).","This is a long passage. To the west is one entrance. On the east there is an old wooden door, with a large opening in it (about cyclops sized)., retro 1980s fantasy RPG illustration, hand-painted style, reminiscent of classic Dungeons & Dragons adventure module artwork, rich colors, atmospheric lighting, fantastical and mysterious mood, vintage tabletop game aesthetic, painted by artists like Larry Elmore or Keith Parkinson, slight paper texture, adventurous composition --ar 4:3 --s 400","This is a long passage. To the west is one entrance. On the east there is an old wooden door, with a large opening in it (about cyclops sized)., retro 1980s fantasy RPG illustration, hand-painted style, reminiscent of classic Dungeons & Dragons adventure module artwork, rich colors, atmospheric lighting, fantastical and mysterious mood, vintage tabletop game aesthetic, painted by artists like Larry Elmore or Keith Parkinson, slight paper texture, adventurous composition"
Treasure Room,other,treasure-room.jpg,"This is a large room, whose east wall is solid granite. A number of discarded bags, which crumble at your touch, are scattered about on the floor. There is an exit down a staircase.","This is a large room, whose east wall is solid granite. A number of discarded bags, which crumble at your touch, are scattered about on the floor. There is an exit down a staircase., retro 1980s fantasy RPG illustration, hand-painted style, reminiscent of classic Dungeons & Dragons adventure module artwork, rich colors, atmospheric lighting, fantastical and mysterious mood, vintage tabletop game aesthetic, painted by artists like Larry Elmore or Keith Parkinson, slight paper texture, adventurous composition --ar 4:3 --s 400","This is a large room, whose east wall is solid granite. A number of discarded bags, which crumble at your touch, are scattered about on the floor. There is an exit down a staircase., retro 1980s fantasy RPG illustration, hand-painted style, reminiscent of classic Dungeons & Dragons adventure module artwork, rich colors, atmospheric lighting, fantastical and mysterious mood, vintage tabletop game aesthetic, painted by artists like Larry Elmore or Keith Parkinson, slight paper texture, adventurous composition"
Reservoir South,water,reservoir-south.jpg,A mysterious location known as Reservoir South,"A mysterious location known as Reservoir South, retro 1980s fantasy RPG illustration, hand-painted style, reminiscent of classic Dungeons & Dragons adventure module artwork, rich colors, atmospheric lighting, fantastical and mysterious mood, vintage tabletop game aesthetic, painted by artists like Larry Elmore or Keith Parkinson, slight paper texture, adventurous composition --ar 4:3 --s 400","A mysterious location known as Reservoir South, retro 1980s fantasy RPG illustration, hand-painted style, reminiscent of classic Dungeons & Dragons adventure module artwork, rich colors, atmospheric lighting, fantastical and mysterious mood, vintage tabletop game aesthetic, painted by artists like Larry Elmore or Keith Parkinson, slight paper texture, adventurous composition"
Reservoir,water,reservoir.jpg,A mysterious location known as Reservoir,"A mysterious location known as Reservoir, retro 1980s fantasy RPG illustration, hand-painted style, reminiscent of classic Dungeons & Dragons adventure module artwork, rich colors, atmospheric lighting, fantastical and mysterious mood, vintage tabletop game aesthetic, painted by artists like Larry Elmore or Keith Parkinson, slight paper texture, adventurous composition --ar 4:3 --s 400","A mysterious location known as Reservoir, retro 1980s fantasy RPG illustration, hand-painted style, reminiscent of classic Dungeons & Dragons adventure module artwork, rich colors, atmospheric lighting, fantastical and mysterious mood, vintage tabletop game aesthetic, painted by artists like Larry Elmore or Keith Parkinson, slight paper texture, adventurous composition"
Reservoir North,water,reservoir-north.jpg,A mysterious location known as Reservoir North,"A mysterious location known as Reservoir North, retro 1980s fantasy RPG illustration, hand-painted style, reminiscent of classic Dungeons & Dragons adventure module artwork, rich colors, atmospheric lighting, fantastical and mysterious mood, vintage tabletop game aesthetic, painted by artists like Larry Elmore or Keith Parkinson, slight paper texture, adventurous composition --ar 4:3 --s 400","A mysterious location known as Reservoir North, retro 1980s fantasy RPG illustration, hand-painted style, reminiscent of classic Dungeons & Dragons adventure module artwork, rich colors, atmospheric lighting, fantastical and mysterious mood, vintage tabletop game aesthetic, painted by artists like Larry Elmore or Keith Parkinson, slight paper texture, adventurous composition"
Stream View,water,stream-view.jpg,"You are standing on a path beside a gently flowing stream. The path follows the stream, which flows from west to east.","You are standing on a path beside a gently flowing stream. The path follows the stream, which flows from west to east., retro 1980s fantasy RPG illustration, hand-painted style, reminiscent of classic Dungeons & Dragons adventure module artwork, rich colors, atmospheric lighting, fantastical and mysterious mood, vintage tabletop game aesthetic, painted by artists like Larry Elmore or Keith Parkinson, slight paper texture, adventurous composition --ar 4:3 --s 400","You are standing on a path beside a gently flowing stream. The path follows the stream, which flows from west to east., retro 1980s fantasy RPG illustration, hand-painted style, reminiscent of classic Dungeons & Dragons adventure module artwork, rich colors, atmospheric lighting, fantastical and mysterious mood, vintage tabletop game aesthetic, painted by artists like Larry Elmore or Keith Parkinson, slight paper texture, adventurous composition"
Stream,water,stream.jpg,"You are on the gently flowing stream. The upstream route is too narrow to navigate, and the downstream route is invisible due to twisting walls. There is a narrow beach to land on.","You are on the gently flowing stream. The upstream route is too narrow to navigate, and the downstream route is invisible due to twisting walls. There is a narrow beach to land on., retro 1980s fantasy RPG illustration, hand-painted style, reminiscent of classic Dungeons & Dragons adventure module artwork, rich colors, atmospheric lighting, fantastical and mysterious mood, vintage tabletop game aesthetic, painted by artists like Larry Elmore or Keith Parkinson, slight paper texture, adventurous composition --ar 4:3 --s 400","You are on the gently flowing stream. The upstream route is too narrow to navigate, and the downstream route is invisible due to twisting walls. There is a narrow beach to land on., retro 1980s fantasy RPG illustration, hand-painted style, reminiscent of classic Dungeons & Dragons adventure module artwork, rich colors, atmospheric lighting, fantastical and mysterious mood, vintage tabletop game aesthetic, painted by artists like Larry Elmore or Keith Parkinson, slight paper texture, adventurous composition"
Mirror Room,other,mirror-room.jpg,A mysterious location known as Mirror Room,"A mysterious location known as Mirror Room, retro 1980s fantasy RPG illustration, hand-painted style, reminiscent of classic Dungeons & Dragons adventure module artwork, rich colors, atmospheric lighting, fantastical and mysterious mood, vintage tabletop game aesthetic, painted by artists like Larry Elmore or Keith Parkinson, slight paper texture, adventurous composition --ar 4:3 --s 400","A mysterious location known as Mirror Room, retro 1980s fantasy RPG illustration, hand-painted style, reminiscent of classic Dungeons & Dragons adventure module artwork, rich colors, atmospheric lighting, fantastical and mysterious mood, vintage tabletop game aesthetic, painted by artists like Larry Elmore or Keith Parkinson, slight paper texture, adventurous composition"
Mirror Room,other,mirror-room.jpg,A mysterious location known as Mirror Room,"A mysterious location known as Mirror Room, retro 1980s fantasy RPG illustration, hand-painted style, reminiscent of classic Dungeons & Dragons adventure module artwork, rich colors, atmospheric lighting, fantastical and mysterious mood, vintage tabletop game aesthetic, painted by artists like Larry Elmore or Keith Parkinson, slight paper texture, adventurous composition --ar 4:3 --s 400","A mysterious location known as Mirror Room, retro 1980s fantasy RPG illustration, hand-painted style, reminiscent of classic Dungeons & Dragons adventure module artwork, rich colors, atmospheric lighting, fantastical and mysterious mood, vintage tabletop game aesthetic, painted by artists like Larry Elmore or Keith Parkinson, slight paper texture, adventurous composition"
Cave,dungeon,cave.jpg,"This is a tiny cave with entrances west and north, and a staircase leading down.","This is a tiny cave with entrances west and north, and a staircase leading down., retro 1980s fantasy RPG illustration, hand-painted style, reminiscent of classic Dungeons & Dragons adventure module artwork, rich colors, atmospheric lighting, fantastical and mysterious mood, vintage tabletop game aesthetic, painted by artists like Larry Elmore or Keith Parkinson, slight paper texture, adventurous composition --ar 4:3 --s 400","This is a tiny cave with entrances west and north, and a staircase leading down., retro 1980s fantasy RPG illustration, hand-painted style, reminiscent of classic Dungeons & Dragons adventure module artwork, rich colors, atmospheric lighting, fantastical and mysterious mood, vintage tabletop game aesthetic, painted by artists like Larry Elmore or Keith Parkinson, slight paper texture, adventurous composition"
Cave,dungeon,cave.jpg,"This is a tiny cave with entrances west and north, and a dark, forbidding staircase leading down.","This is a tiny cave with entrances west and north, and a dark, forbidding staircase leading down., retro 1980s fantasy RPG illustration, hand-painted style, reminiscent of classic Dungeons & Dragons adventure module artwork, rich colors, atmospheric lighting, fantastical and mysterious mood, vintage tabletop game aesthetic, painted by artists like Larry Elmore or Keith Parkinson, slight paper texture, adventurous composition --ar 4:3 --s 400","This is a tiny cave with entrances west and north, and a dark, forbidding staircase leading down., retro 1980s fantasy RPG illustration, hand-painted style, reminiscent of classic Dungeons & Dragons adventure module artwork, rich colors, atmospheric lighting, fantastical and mysterious mood, vintage tabletop game aesthetic, painted by artists like Larry Elmore or Keith Parkinson, slight paper texture, adventurous composition"
Cold Passage,maze,cold-passage.jpg,This is a cold and damp corridor where a long east-west passageway turns into a southward path.,"This is a cold and damp corridor where a long east-west passageway turns into a southward path., retro 1980s fantasy RPG illustration, hand-painted style, reminiscent of classic Dungeons & Dragons adventure module artwork, rich colors, atmospheric lighting, fantastical and mysterious mood, vintage tabletop game aesthetic, painted by artists like Larry Elmore or Keith Parkinson, slight paper texture, adventurous composition --ar 4:3 --s 400","This is a cold and damp corridor where a long east-west passageway turns into a southward path., retro 1980s fantasy RPG illustration, hand-painted style, reminiscent of classic Dungeons & Dragons adventure module artwork, rich colors, atmospheric lighting, fantastical and mysterious mood, vintage tabletop game aesthetic, painted by artists like Larry Elmore or Keith Parkinson, slight paper texture, adventurous composition"
Narrow Passage,maze,narrow-passage.jpg,This is a long and narrow corridor where a long north-south passageway briefly narrows even further.,"This is a long and narrow corridor where a long north-south passageway briefly narrows even further., retro 1980s fantasy RPG illustration, hand-painted style, reminiscent of classic Dungeons & Dragons adventure module artwork, rich colors, atmospheric lighting, fantastical and mysterious mood, vintage tabletop game aesthetic, painted by artists like Larry Elmore or Keith Parkinson, slight paper texture, adventurous composition --ar 4:3 --s 400","This is a long and narrow corridor where a long north-south passageway briefly narrows even further., retro 1980s fantasy RPG illustration, hand-painted style, reminiscent of classic Dungeons & Dragons adventure module artwork, rich colors, atmospheric lighting, fantastical and mysterious mood, vintage tabletop game aesthetic, painted by artists like Larry Elmore or Keith Parkinson, slight paper texture, adventurous composition"
Winding Passage,maze,winding-passage.jpg,This is a winding passage. It seems that there are only exits on the east and north.,"This is a winding passage. It seems that there are only exits on the east and north., retro 1980s fantasy RPG illustration, hand-painted style, reminiscent of classic Dungeons & Dragons adventure module artwork, rich colors, atmospheric lighting, fantastical and mysterious mood, vintage tabletop game aesthetic, painted by artists like Larry Elmore or Keith Parkinson, slight paper texture, adventurous composition --ar 4:3 --s 400","This is a winding passage. It seems that there are only exits on the east and north., retro 1980s fantasy RPG illustration, hand-painted style, reminiscent of classic Dungeons & Dragons adventure module artwork, rich colors, atmospheric lighting, fantastical and mysterious mood, vintage tabletop game aesthetic, painted by artists like Larry Elmore or Keith Parkinson, slight paper texture, adventurous composition"
Twisting Passage,maze,twisting-passage.jpg,This is a winding passage. It seems that there are only exits on the east and north.,"This is a winding passage. It seems that there are only exits on the east and north., retro 1980s fantasy RPG illustration, hand-painted style, reminiscent of classic Dungeons & Dragons adventure module artwork, rich colors, atmospheric lighting, fantastical and mysterious mood, vintage tabletop game aesthetic, painted by artists like Larry Elmore or Keith Parkinson, slight paper texture, adventurous composition --ar 4:3 --s 400","This is a winding passage. It seems that there are only exits on the east and north., retro 1980s fantasy RPG illustration, hand-painted style, reminiscent of classic Dungeons & Dragons adventure module artwork, rich colors, atmospheric lighting, fantastical and mysterious mood, vintage tabletop game aesthetic, painted by artists like Larry Elmore or Keith Parkinson, slight paper texture, adventurous composition"
Atlantis Room,other,atlantis-room.jpg,"This is an ancient room, long under water. There is an exit to the south and a staircase leading up.","This is an ancient room, long under water. There is an exit to the south and a staircase leading up., retro 1980s fantasy RPG illustration, hand-painted style, reminiscent of classic Dungeons & Dragons adventure module artwork, rich colors, atmospheric lighting, fantastical and mysterious mood, vintage tabletop game aesthetic, painted by artists like Larry Elmore or Keith Parkinson, slight paper texture, adventurous composition --ar 4:3 --s 400","This is an ancient room, long under water. There is an exit to the south and a staircase leading up., retro 1980s fantasy RPG illustration, hand-painted style, reminiscent of classic Dungeons & Dragons adventure module artwork, rich colors, atmospheric lighting, fantastical and mysterious mood, vintage tabletop game aesthetic, painted by artists like Larry Elmore or Keith Parkinson, slight paper texture, adventurous composition"
East-West Passage,maze,east-west-passage.jpg,This is a narrow east-west passageway. There is a narrow stairway leading down at the north end of the room.,"This is a narrow east-west passageway. There is a narrow stairway leading down at the north end of the room., retro 1980s fantasy RPG illustration, hand-painted style, reminiscent of classic Dungeons & Dragons adventure module artwork, rich colors, atmospheric lighting, fantastical and mysterious mood, vintage tabletop game aesthetic, painted by artists like Larry Elmore or Keith Parkinson, slight paper texture, adventurous composition --ar 4:3 --s 400","This is a narrow east-west passageway. There is a narrow stairway leading down at the north end of the room., retro 1980s fantasy RPG illustration, hand-painted style, reminiscent of classic Dungeons & Dragons adventure module artwork, rich colors, atmospheric lighting, fantastical and mysterious mood, vintage tabletop game aesthetic, painted by artists like Larry Elmore or Keith Parkinson, slight paper texture, adventurous composition"
Round Room,dungeon,round-room.jpg,This is a circular stone room with passages in all directions. Several of them have unfortunately been blocked by cave-ins.,"This is a circular stone room with passages in all directions. Several of them have unfortunately been blocked by cave-ins., retro 1980s fantasy RPG illustration, hand-painted style, reminiscent of classic Dungeons & Dragons adventure module artwork, rich colors, atmospheric lighting, fantastical and mysterious mood, vintage tabletop game aesthetic, painted by artists like Larry Elmore or Keith Parkinson, slight paper texture, adventurous composition --ar 4:3 --s 400","This is a circular stone room with passages in all directions. Several of them have unfortunately been blocked by cave-ins., retro 1980s fantasy RPG illustration, hand-painted style, reminiscent of classic Dungeons & Dragons adventure module artwork, rich colors, atmospheric lighting, fantastical and mysterious mood, vintage tabletop game aesthetic, painted by artists like Larry Elmore or Keith Parkinson, slight paper texture, adventurous composition"
Deep Canyon,other,deep-canyon.jpg,A mysterious location known as Deep Canyon,"A mysterious location known as Deep Canyon, retro 1980s fantasy RPG illustration, hand-painted style, reminiscent of classic Dungeons & Dragons adventure module artwork, rich colors, atmospheric lighting, fantastical and mysterious mood, vintage tabletop game aesthetic, painted by artists like Larry Elmore or Keith Parkinson, slight paper texture, adventurous composition --ar 4:3 --s 400","A mysterious location known as Deep Canyon, retro 1980s fantasy RPG illustration, hand-painted style, reminiscent of classic Dungeons & Dragons adventure module artwork, rich colors, atmospheric lighting, fantastical and mysterious mood, vintage tabletop game aesthetic, painted by artists like Larry Elmore or Keith Parkinson, slight paper texture, adventurous composition"
Damp Cave,water,damp-cave.jpg,"This cave has exits to the west and east, and narrows to a crack toward the south. The earth is particularly damp here.","This cave has exits to the west and east, and narrows to a crack toward the south. The earth is particularly damp here., retro 1980s fantasy RPG illustration, hand-painted style, reminiscent of classic Dungeons & Dragons adventure module artwork, rich colors, atmospheric lighting, fantastical and mysterious mood, vintage tabletop game aesthetic, painted by artists like Larry Elmore or Keith Parkinson, slight paper texture, adventurous composition --ar 4:3 --s 400","This cave has exits to the west and east, and narrows to a crack toward the south. The earth is particularly damp here., retro 1980s fantasy RPG illustration, hand-painted style, reminiscent of classic Dungeons & Dragons adventure module artwork, rich colors, atmospheric lighting, fantastical and mysterious mood, vintage tabletop game aesthetic, painted by artists like Larry Elmore or Keith Parkinson, slight paper texture, adventurous composition"
Loud Room,other,loud-room.jpg,A mysterious location known as Loud Room,"A mysterious location known as Loud Room, retro 1980s fantasy RPG illustration, hand-painted style, reminiscent of classic Dungeons & Dragons adventure module artwork, rich colors, atmospheric lighting, fantastical and mysterious mood, vintage tabletop game aesthetic, painted by artists like Larry Elmore or Keith Parkinson, slight paper texture, adventurous composition --ar 4:3 --s 400","A mysterious location known as Loud Room, retro 1980s fantasy RPG illustration, hand-painted style, reminiscent of classic Dungeons & Dragons adventure module artwork, rich colors, atmospheric lighting, fantastical and mysterious mood, vintage tabletop game aesthetic, painted by artists like Larry Elmore or Keith Parkinson, slight paper texture, adventurous composition"
North-South Passage,maze,north-south-passage.jpg,"This is a high north-south passage, which forks to the northeast.","This is a high north-south passage, which forks to the northeast., retro 1980s fantasy RPG illustration, hand-painted style, reminiscent of classic Dungeons & Dragons adventure module artwork, rich colors, atmospheric lighting, fantastical and mysterious mood, vintage tabletop game aesthetic, painted by artists like Larry Elmore or Keith Parkinson, slight paper texture, adventurous composition --ar 4:3 --s 400","This is a high north-south passage, which forks to the northeast., retro 1980s fantasy RPG illustration, hand-painted style, reminiscent of classic Dungeons & Dragons adventure module artwork, rich colors, atmospheric lighting, fantastical and mysterious mood, vintage tabletop game aesthetic, painted by artists like Larry Elmore or Keith Parkinson, slight paper texture, adventurous composition"
Chasm,other,chasm.jpg,"A chasm runs southwest to northeast and the path follows it. You are on the south side of the chasm, where a crack opens into a passage.","A chasm runs southwest to northeast and the path follows it. You are on the south side of the chasm, where a crack opens into a passage., retro 1980s fantasy RPG illustration, hand-painted style, reminiscent of classic Dungeons & Dragons adventure module artwork, rich colors, atmospheric lighting, fantastical and mysterious mood, vintage tabletop game aesthetic, painted by artists like Larry Elmore or Keith Parkinson, slight paper texture, adventurous composition --ar 4:3 --s 400","A chasm runs southwest to northeast and the path follows it. You are on the south side of the chasm, where a crack opens into a passage., retro 1980s fantasy RPG illustration, hand-painted style, reminiscent of classic Dungeons & Dragons adventure module artwork, rich colors, atmospheric lighting, fantastical and mysterious mood, vintage tabletop game aesthetic, painted by artists like Larry Elmore or Keith Parkinson, slight paper texture, adventurous composition"
Entrance to Hades,other,entrance-to-hades.jpg,A mysterious location known as Entrance to Hades,"A mysterious location known as Entrance to Hades, retro 1980s fantasy RPG illustration, hand-painted style, reminiscent of classic Dungeons & Dragons adventure module artwork, rich colors, atmospheric lighting, fantastical and mysterious mood, vintage tabletop game aesthetic, painted by artists like Larry Elmore or Keith Parkinson, slight paper texture, adventurous composition --ar 4:3 --s 400","A mysterious location known as Entrance to Hades, retro 1980s fantasy RPG illustration, hand-painted style, reminiscent of classic Dungeons & Dragons adventure module artwork, rich colors, atmospheric lighting, fantastical and mysterious mood, vintage tabletop game aesthetic, painted by artists like Larry Elmore or Keith Parkinson, slight paper texture, adventurous composition"
Land of the Dead,other,land-of-the-dead.jpg,You have entered the Land of the Living Dead. Thousands of lost souls can be heard weeping and moaning. In the corner are stacked the remains of dozens of previous adventurers less fortunate than yourself. A passage exits to the north.,"You have entered the Land of the Living Dead. Thousands of lost souls can be heard weeping and moaning. In the corner are stacked the remains of dozens of previous adventurers less fortunate than yourself. A passage exits to the north., retro 1980s fantasy RPG illustration, hand-painted style, reminiscent of classic Dungeons & Dragons adventure module artwork, rich colors, atmospheric lighting, fantastical and mysterious mood, vintage tabletop game aesthetic, painted by artists like Larry Elmore or Keith Parkinson, slight paper texture, adventurous composition --ar 4:3 --s 400","You have entered the Land of the Living Dead. Thousands of lost souls can be heard weeping and moaning. In the corner are stacked the remains of dozens of previous adventurers less fortunate than yourself. A passage exits to the north., retro 1980s fantasy RPG illustration, hand-painted style, reminiscent of classic Dungeons & Dragons adventure module artwork, rich colors, atmospheric lighting, fantastical and mysterious mood, vintage tabletop game aesthetic, painted by artists like Larry Elmore or Keith Parkinson, slight paper texture, adventurous composition"
Engravings Cave,dungeon,engravings-cave.jpg,You have entered a low cave with passages leading northwest and east.,"You have entered a low cave with passages leading northwest and east., retro 1980s fantasy RPG illustration, hand-painted style, reminiscent of classic Dungeons & Dragons adventure module artwork, rich colors, atmospheric lighting, fantastical and mysterious mood, vintage tabletop game aesthetic, painted by artists like Larry Elmore or Keith Parkinson, slight paper texture, adventurous composition --ar 4:3 --s 400","You have entered a low cave with passages leading northwest and east., retro 1980s fantasy RPG illustration, hand-painted style, reminiscent of classic Dungeons & Dragons adventure module artwork, rich colors, atmospheric lighting, fantastical and mysterious mood, vintage tabletop game aesthetic, painted by artists like Larry Elmore or Keith Parkinson, slight paper texture, adventurous composition"
Egyptian Room,other,egyptian-room.jpg,This is a room which looks like an Egyptian tomb. There is an ascending staircase to the west.,"This is a room which looks like an Egyptian tomb. There is an ascending staircase to the west., retro 1980s fantasy RPG illustration, hand-painted style, reminiscent of classic Dungeons & Dragons adventure module artwork, rich colors, atmospheric lighting, fantastical and mysterious mood, vintage tabletop game aesthetic, painted by artists like Larry Elmore or Keith Parkinson, slight paper texture, adventurous composition --ar 4:3 --s 400","This is a room which looks like an Egyptian tomb. There is an ascending staircase to the west., retro 1980s fantasy RPG illustration, hand-painted style, reminiscent of classic Dungeons & Dragons adventure module artwork, rich colors, atmospheric lighting, fantastical and mysterious mood, vintage tabletop game aesthetic, painted by artists like Larry Elmore or Keith Parkinson, slight paper texture, adventurous composition"
Dome Room,other,dome-room.jpg,A mysterious location known as Dome Room,"A mysterious location known as Dome Room, retro 1980s fantasy RPG illustration, hand-painted style, reminiscent of classic Dungeons & Dragons adventure module artwork, rich colors, atmospheric lighting, fantastical and mysterious mood, vintage tabletop game aesthetic, painted by artists like Larry Elmore or Keith Parkinson, slight paper texture, adventurous composition --ar 4:3 --s 400","A mysterious location known as Dome Room, retro 1980s fantasy RPG illustration, hand-painted style, reminiscent of classic Dungeons & Dragons adventure module artwork, rich colors, atmospheric lighting, fantastical and mysterious mood, vintage tabletop game aesthetic, painted by artists like Larry Elmore or Keith Parkinson, slight paper texture, adventurous composition"
Torch Room,other,torch-room.jpg,A mysterious location known as Torch Room,"A mysterious location known as Torch Room, retro 1980s fantasy RPG illustration, hand-painted style, reminiscent of classic Dungeons & Dragons adventure module artwork, rich colors, atmospheric lighting, fantastical and mysterious mood, vintage tabletop game aesthetic, painted by artists like Larry Elmore or Keith Parkinson, slight paper texture, adventurous composition --ar 4:3 --s 400","A mysterious location known as Torch Room, retro 1980s fantasy RPG illustration, hand-painted style, reminiscent of classic Dungeons & Dragons adventure module artwork, rich colors, atmospheric lighting, fantastical and mysterious mood, vintage tabletop game aesthetic, painted by artists like Larry Elmore or Keith Parkinson, slight paper texture, adventurous composition"
Temple,temple,temple.jpg,"This is the north end of a large temple. On the east wall is an ancient inscription, probably a prayer in a long-forgotten language. Below the prayer is a staircase leading down. The west wall is solid granite. The exit to the north end of the room is through huge marble pillars.","This is the north end of a large temple. On the east wall is an ancient inscription, probably a prayer in a long-forgotten language. Below the prayer is a staircase leading down. The west wall is solid granite. The exit to the north end of the room is through huge marble pillars., retro 1980s fantasy RPG illustration, hand-painted style, reminiscent of classic Dungeons & Dragons adventure module artwork, rich colors, atmospheric lighting, fantastical and mysterious mood, vintage tabletop game aesthetic, painted by artists like Larry Elmore or Keith Parkinson, slight paper texture, adventurous composition --ar 4:3 --s 400","This is the north end of a large temple. On the east wall is an ancient inscription, probably a prayer in a long-forgotten language. Below the prayer is a staircase leading down. The west wall is solid granite. The exit to the north end of the room is through huge marble pillars., retro 1980s fantasy RPG illustration, hand-painted style, reminiscent of classic Dungeons & Dragons adventure module artwork, rich colors, atmospheric lighting, fantastical and mysterious mood, vintage tabletop game aesthetic, painted by artists like Larry Elmore or Keith Parkinson, slight paper texture, adventurous composition"
Altar,temple,altar.jpg,This is the south end of a large temple. In front of you is what appears to be an altar. In one corner is a small hole in the floor which leads into darkness. You probably could not get back up it.,"This is the south end of a large temple. In front of you is what appears to be an altar. In one corner is a small hole in the floor which leads into darkness. You probably could not get back up it., retro 1980s fantasy RPG illustration, hand-painted style, reminiscent of classic Dungeons & Dragons adventure module artwork, rich colors, atmospheric lighting, fantastical and mysterious mood, vintage tabletop game aesthetic, painted by artists like Larry Elmore or Keith Parkinson, slight paper texture, adventurous composition --ar 4:3 --s 400","This is the south end of a large temple. In front of you is what appears to be an altar. In one corner is a small hole in the floor which leads into darkness. You probably could not get back up it., retro 1980s fantasy RPG illustration, hand-painted style, reminiscent of classic Dungeons & Dragons adventure module artwork, rich colors, atmospheric lighting, fantastical and mysterious mood, vintage tabletop game aesthetic, painted by artists like Larry Elmore or Keith Parkinson, slight paper texture, adventurous composition"
Dam,water,dam.jpg,A mysterious location known as Dam,"A mysterious location known as Dam, retro 1980s fantasy RPG illustration, hand-painted style, reminiscent of classic Dungeons & Dragons adventure module artwork, rich colors, atmospheric lighting, fantastical and mysterious mood, vintage tabletop game aesthetic, painted by artists like Larry Elmore or Keith Parkinson, slight paper texture, adventurous composition --ar 4:3 --s 400","A mysterious location known as Dam, retro 1980s fantasy RPG illustration, hand-painted style, reminiscent of classic Dungeons & Dragons adventure module artwork, rich colors, atmospheric lighting, fantastical and mysterious mood, vintage tabletop game aesthetic, painted by artists like Larry Elmore or Keith Parkinson, slight paper texture, adventurous composition"
Dam Lobby,water,dam-lobby.jpg,"This room appears to have been the waiting room for groups touring the dam. There are open doorways here to the north and east marked \""Private\"", and there is a path leading south over the top of the dam.","This room appears to have been the waiting room for groups touring the dam. There are open doorways here to the north and east marked \""Private\"", and there is a path leading south over the top of the dam., retro 1980s fantasy RPG illustration, hand-painted style, reminiscent of classic Dungeons & Dragons adventure module artwork, rich colors, atmospheric lighting, fantastical and mysterious mood, vintage tabletop game aesthetic, painted by artists like Larry Elmore or Keith Parkinson, slight paper texture, adventurous composition --ar 4:3 --s 400","This room appears to have been the waiting room for groups touring the dam. There are open doorways here to the north and east marked \""Private\"", and there is a path leading south over the top of the dam., retro 1980s fantasy RPG illustration, hand-painted style, reminiscent of classic Dungeons & Dragons adventure module artwork, rich colors, atmospheric lighting, fantastical and mysterious mood, vintage tabletop game aesthetic, painted by artists like Larry Elmore or Keith Parkinson, slight paper texture, adventurous composition"
Maintenance Room,other,maintenance-room.jpg,"This is what appears to have been the maintenance room for Flood Control Dam #3. Apparently, this room has been ransacked recently, for most of the valuable equipment is gone. On the wall in front of you is a group of buttons colored blue, yellow, brown, and red. There are doorways to the west and south.","This is what appears to have been the maintenance room for Flood Control Dam #3. Apparently, this room has been ransacked recently, for most of the valuable equipment is gone. On the wall in front of you is a group of buttons colored blue, yellow, brown, and red. There are doorways to the west and south., retro 1980s fantasy RPG illustration, hand-painted style, reminiscent of classic Dungeons & Dragons adventure module artwork, rich colors, atmospheric lighting, fantastical and mysterious mood, vintage tabletop game aesthetic, painted by artists like Larry Elmore or Keith Parkinson, slight paper texture, adventurous composition --ar 4:3 --s 400","This is what appears to have been the maintenance room for Flood Control Dam #3. Apparently, this room has been ransacked recently, for most of the valuable equipment is gone. On the wall in front of you is a group of buttons colored blue, yellow, brown, and red. There are doorways to the west and south., retro 1980s fantasy RPG illustration, hand-painted style, reminiscent of classic Dungeons & Dragons adventure module artwork, rich colors, atmospheric lighting, fantastical and mysterious mood, vintage tabletop game aesthetic, painted by artists like Larry Elmore or Keith Parkinson, slight paper texture, adventurous composition"
Dam Base,water,dam-base.jpg,"You are at the base of Flood Control Dam #3, which looms above you and to the north. The river Frigid is flowing by here. Along the river are the White Cliffs which seem to form giant walls stretching from north to south along the shores of the river as it winds its way downstream.","You are at the base of Flood Control Dam #3, which looms above you and to the north. The river Frigid is flowing by here. Along the river are the White Cliffs which seem to form giant walls stretching from north to south along the shores of the river as it winds its way downstream., retro 1980s fantasy RPG illustration, hand-painted style, reminiscent of classic Dungeons & Dragons adventure module artwork, rich colors, atmospheric lighting, fantastical and mysterious mood, vintage tabletop game aesthetic, painted by artists like Larry Elmore or Keith Parkinson, slight paper texture, adventurous composition --ar 4:3 --s 400","You are at the base of Flood Control Dam #3, which looms above you and to the north. The river Frigid is flowing by here. Along the river are the White Cliffs which seem to form giant walls stretching from north to south along the shores of the river as it winds its way downstream., retro 1980s fantasy RPG illustration, hand-painted style, reminiscent of classic Dungeons & Dragons adventure module artwork, rich colors, atmospheric lighting, fantastical and mysterious mood, vintage tabletop game aesthetic, painted by artists like Larry Elmore or Keith Parkinson, slight paper texture, adventurous composition"
Frigid River,water,frigid-river.jpg,You are on the Frigid River in the vicinity of the Dam. The river flows quietly here. There is a landing on the west shore.,"You are on the Frigid River in the vicinity of the Dam. The river flows quietly here. There is a landing on the west shore., retro 1980s fantasy RPG illustration, hand-painted style, reminiscent of classic Dungeons & Dragons adventure module artwork, rich colors, atmospheric lighting, fantastical and mysterious mood, vintage tabletop game aesthetic, painted by artists like Larry Elmore or Keith Parkinson, slight paper texture, adventurous composition --ar 4:3 --s 400","You are on the Frigid River in the vicinity of the Dam. The river flows quietly here. There is a landing on the west shore., retro 1980s fantasy RPG illustration, hand-painted style, reminiscent of classic Dungeons & Dragons adventure module artwork, rich colors, atmospheric lighting, fantastical and mysterious mood, vintage tabletop game aesthetic, painted by artists like Larry Elmore or Keith Parkinson, slight paper texture, adventurous composition"
Frigid River,water,frigid-river.jpg,The river turns a corner here making it impossible to see the Dam. The White Cliffs loom on the east bank and large rocks prevent landing on the west.,"The river turns a corner here making it impossible to see the Dam. The White Cliffs loom on the east bank and large rocks prevent landing on the west., retro 1980s fantasy RPG illustration, hand-painted style, reminiscent of classic Dungeons & Dragons adventure module artwork, rich colors, atmospheric lighting, fantastical and mysterious mood, vintage tabletop game aesthetic, painted by artists like Larry Elmore or Keith Parkinson, slight paper texture, adventurous composition --ar 4:3 --s 400","The river turns a corner here making it impossible to see the Dam. The White Cliffs loom on the east bank and large rocks prevent landing on the west., retro 1980s fantasy RPG illustration, hand-painted style, reminiscent of classic Dungeons & Dragons adventure module artwork, rich colors, atmospheric lighting, fantastical and mysterious mood, vintage tabletop game aesthetic, painted by artists like Larry Elmore or Keith Parkinson, slight paper texture, adventurous composition"
Frigid River,water,frigid-river.jpg,The river descends here into a valley. There is a narrow beach on the west shore below the cliffs. In the distance a faint rumbling can be heard.,"The river descends here into a valley. There is a narrow beach on the west shore below the cliffs. In the distance a faint rumbling can be heard., retro 1980s fantasy RPG illustration, hand-painted style, reminiscent of classic Dungeons & Dragons adventure module artwork, rich colors, atmospheric lighting, fantastical and mysterious mood, vintage tabletop game aesthetic, painted by artists like Larry Elmore or Keith Parkinson, slight paper texture, adventurous composition --ar 4:3 --s 400","The river descends here into a valley. There is a narrow beach on the west shore below the cliffs. In the distance a faint rumbling can be heard., retro 1980s fantasy RPG illustration, hand-painted style, reminiscent of classic Dungeons & Dragons adventure module artwork, rich colors, atmospheric lighting, fantastical and mysterious mood, vintage tabletop game aesthetic, painted by artists like Larry Elmore or Keith Parkinson, slight paper texture, adventurous composition"
White Cliffs Beach,other,white-cliffs-beach.jpg,You are on a narrow strip of beach which runs along the base of the White Cliffs. There is a narrow path heading south along the Cliffs and a tight passage leading west into the cliffs themselves.,"You are on a narrow strip of beach which runs along the base of the White Cliffs. There is a narrow path heading south along the Cliffs and a tight passage leading west into the cliffs themselves., retro 1980s fantasy RPG illustration, hand-painted style, reminiscent of classic Dungeons & Dragons adventure module artwork, rich colors, atmospheric lighting, fantastical and mysterious mood, vintage tabletop game aesthetic, painted by artists like Larry Elmore or Keith Parkinson, slight paper texture, adventurous composition --ar 4:3 --s 400","You are on a narrow strip of beach which runs along the base of the White Cliffs. There is a narrow path heading south along the Cliffs and a tight passage leading west into the cliffs themselves., retro 1980s fantasy RPG illustration, hand-painted style, reminiscent of classic Dungeons & Dragons adventure module artwork, rich colors, atmospheric lighting, fantastical and mysterious mood, vintage tabletop game aesthetic, painted by artists like Larry Elmore or Keith Parkinson, slight paper texture, adventurous composition"
White Cliffs Beach,other,white-cliffs-beach.jpg,"You are on a rocky, narrow strip of beach beside the Cliffs. A narrow path leads north along the shore.","You are on a rocky, narrow strip of beach beside the Cliffs. A narrow path leads north along the shore., retro 1980s fantasy RPG illustration, hand-painted style, reminiscent of classic Dungeons & Dragons adventure module artwork, rich colors, atmospheric lighting, fantastical and mysterious mood, vintage tabletop game aesthetic, painted by artists like Larry Elmore or Keith Parkinson, slight paper texture, adventurous composition --ar 4:3 --s 400","You are on a rocky, narrow strip of beach beside the Cliffs. A narrow path leads north along the shore., retro 1980s fantasy RPG illustration, hand-painted style, reminiscent of classic Dungeons & Dragons adventure module artwork, rich colors, atmospheric lighting, fantastical and mysterious mood, vintage tabletop game aesthetic, painted by artists like Larry Elmore or Keith Parkinson, slight paper texture, adventurous composition"
Frigid River,water,frigid-river.jpg,The river is running faster here and the sound ahead appears to be that of rushing water. On the east shore is a sandy beach. A small area of beach can also be seen below the cliffs on the west shore.,"The river is running faster here and the sound ahead appears to be that of rushing water. On the east shore is a sandy beach. A small area of beach can also be seen below the cliffs on the west shore., retro 1980s fantasy RPG illustration, hand-painted style, reminiscent of classic Dungeons & Dragons adventure module artwork, rich colors, atmospheric lighting, fantastical and mysterious mood, vintage tabletop game aesthetic, painted by artists like Larry Elmore or Keith Parkinson, slight paper texture, adventurous composition --ar 4:3 --s 400","The river is running faster here and the sound ahead appears to be that of rushing water. On the east shore is a sandy beach. A small area of beach can also be seen below the cliffs on the west shore., retro 1980s fantasy RPG illustration, hand-painted style, reminiscent of classic Dungeons & Dragons adventure module artwork, rich colors, atmospheric lighting, fantastical and mysterious mood, vintage tabletop game aesthetic, painted by artists like Larry Elmore or Keith Parkinson, slight paper texture, adventurous composition"
Frigid River,water,frigid-river.jpg,The sound of rushing water is nearly unbearable here. On the east shore is a large landing area.,"The sound of rushing water is nearly unbearable here. On the east shore is a large landing area., retro 1980s fantasy RPG illustration, hand-painted style, reminiscent of classic Dungeons & Dragons adventure module artwork, rich colors, atmospheric lighting, fantastical and mysterious mood, vintage tabletop game aesthetic, painted by artists like Larry Elmore or Keith Parkinson, slight paper texture, adventurous composition --ar 4:3 --s 400","The sound of rushing water is nearly unbearable here. On the east shore is a large landing area., retro 1980s fantasy RPG illustration, hand-painted style, reminiscent of classic Dungeons & Dragons adventure module artwork, rich colors, atmospheric lighting, fantastical and mysterious mood, vintage tabletop game aesthetic, painted by artists like Larry Elmore or Keith Parkinson, slight paper texture, adventurous composition"
Shore,other,shore.jpg,"You are on the east shore of the river. The water here seems somewhat treacherous. A path travels from north to south here, the south end quickly turning around a sharp corner.","You are on the east shore of the river. The water here seems somewhat treacherous. A path travels from north to south here, the south end quickly turning around a sharp corner., retro 1980s fantasy RPG illustration, hand-painted style, reminiscent of classic Dungeons & Dragons adventure module artwork, rich colors, atmospheric lighting, fantastical and mysterious mood, vintage tabletop game aesthetic, painted by artists like Larry Elmore or Keith Parkinson, slight paper texture, adventurous composition --ar 4:3 --s 400","You are on the east shore of the river. The water here seems somewhat treacherous. A path travels from north to south here, the south end quickly turning around a sharp corner., retro 1980s fantasy RPG illustration, hand-painted style, reminiscent of classic Dungeons & Dragons adventure module artwork, rich colors, atmospheric lighting, fantastical and mysterious mood, vintage tabletop game aesthetic, painted by artists like Larry Elmore or Keith Parkinson, slight paper texture, adventurous composition"
Sandy Beach,other,sandy-beach.jpg,"You are on a large sandy beach on the east shore of the river, which is flowing quickly by. A path runs beside the river to the south here, and a passage is partially buried in sand to the northeast.","You are on a large sandy beach on the east shore of the river, which is flowing quickly by. A path runs beside the river to the south here, and a passage is partially buried in sand to the northeast., retro 1980s fantasy RPG illustration, hand-painted style, reminiscent of classic Dungeons & Dragons adventure module artwork, rich colors, atmospheric lighting, fantastical and mysterious mood, vintage tabletop game aesthetic, painted by artists like Larry Elmore or Keith Parkinson, slight paper texture, adventurous composition --ar 4:3 --s 400","You are on a large sandy beach on the east shore of the river, which is flowing quickly by. A path runs beside the river to the south here, and a passage is partially buried in sand to the northeast., retro 1980s fantasy RPG illustration, hand-painted style, reminiscent of classic Dungeons & Dragons adventure module artwork, rich colors, atmospheric lighting, fantastical and mysterious mood, vintage tabletop game aesthetic, painted by artists like Larry Elmore or Keith Parkinson, slight paper texture, adventurous composition"
Sandy Cave,dungeon,sandy-cave.jpg,This is a sand-filled cave whose exit is to the southwest.,"This is a sand-filled cave whose exit is to the southwest., retro 1980s fantasy RPG illustration, hand-painted style, reminiscent of classic Dungeons & Dragons adventure module artwork, rich colors, atmospheric lighting, fantastical and mysterious mood, vintage tabletop game aesthetic, painted by artists like Larry Elmore or Keith Parkinson, slight paper texture, adventurous composition --ar 4:3 --s 400","This is a sand-filled cave whose exit is to the southwest., retro 1980s fantasy RPG illustration, hand-painted style, reminiscent of classic Dungeons & Dragons adventure module artwork, rich colors, atmospheric lighting, fantastical and mysterious mood, vintage tabletop game aesthetic, painted by artists like Larry Elmore or Keith Parkinson, slight paper texture, adventurous composition"
Aragain Falls,other,aragain-falls.jpg,A mysterious location known as Aragain Falls,"A mysterious location known as Aragain Falls, retro 1980s fantasy RPG illustration, hand-painted style, reminiscent of classic Dungeons & Dragons adventure module artwork, rich colors, atmospheric lighting, fantastical and mysterious mood, vintage tabletop game aesthetic, painted by artists like Larry Elmore or Keith Parkinson, slight paper texture, adventurous composition --ar 4:3 --s 400","A mysterious location known as Aragain Falls, retro 1980s fantasy RPG illustration, hand-painted style, reminiscent of classic Dungeons & Dragons adventure module artwork, rich colors, atmospheric lighting, fantastical and mysterious mood, vintage tabletop game aesthetic, painted by artists like Larry Elmore or Keith Parkinson, slight paper texture, adventurous composition"
On the Rainbow,other,on-the-rainbow.jpg,"You are on top of a rainbow (I bet you never thought you would walk on a rainbow), with a magnificent view of the Falls. The rainbow travels east-west here.","You are on top of a rainbow (I bet you never thought you would walk on a rainbow), with a magnificent view of the Falls. The rainbow travels east-west here., retro 1980s fantasy RPG illustration, hand-painted style, reminiscent of classic Dungeons & Dragons adventure module artwork, rich colors, atmospheric lighting, fantastical and mysterious mood, vintage tabletop game aesthetic, painted by artists like Larry Elmore or Keith Parkinson, slight paper texture, adventurous composition --ar 4:3 --s 400","You are on top of a rainbow (I bet you never thought you would walk on a rainbow), with a magnificent view of the Falls. The rainbow travels east-west here., retro 1980s fantasy RPG illustration, hand-painted style, reminiscent of classic Dungeons & Dragons adventure module artwork, rich colors, atmospheric lighting, fantastical and mysterious mood, vintage tabletop game aesthetic, painted by artists like Larry Elmore or Keith Parkinson, slight paper texture, adventurous composition"
End of Rainbow,other,end-of-rainbow.jpg,"You are on a small, rocky beach on the continuation of the Frigid River past the Falls. The beach is narrow due to the presence of the White Cliffs. The river canyon opens here and sunlight shines in from above. A rainbow crosses over the falls to the east and a narrow path continues to the southwest.","You are on a small, rocky beach on the continuation of the Frigid River past the Falls. The beach is narrow due to the presence of the White Cliffs. The river canyon opens here and sunlight shines in from above. A rainbow crosses over the falls to the east and a narrow path continues to the southwest., retro 1980s fantasy RPG illustration, hand-painted style, reminiscent of classic Dungeons & Dragons adventure module artwork, rich colors, atmospheric lighting, fantastical and mysterious mood, vintage tabletop game aesthetic, painted by artists like Larry Elmore or Keith Parkinson, slight paper texture, adventurous composition --ar 4:3 --s 400","You are on a small, rocky beach on the continuation of the Frigid River past the Falls. The beach is narrow due to the presence of the White Cliffs. The river canyon opens here and sunlight shines in from above. A rainbow crosses over the falls to the east and a narrow path continues to the southwest., retro 1980s fantasy RPG illustration, hand-painted style, reminiscent of classic Dungeons & Dragons adventure module artwork, rich colors, atmospheric lighting, fantastical and mysterious mood, vintage tabletop game aesthetic, painted by artists like Larry Elmore or Keith Parkinson, slight paper texture, adventurous composition"
Canyon Bottom,other,canyon-bottom.jpg,You are beneath the walls of the river canyon which may be climbable here. The lesser part of the runoff of Aragain Falls flows by below. To the north is a narrow path.,"You are beneath the walls of the river canyon which may be climbable here. The lesser part of the runoff of Aragain Falls flows by below. To the north is a narrow path., retro 1980s fantasy RPG illustration, hand-painted style, reminiscent of classic Dungeons & Dragons adventure module artwork, rich colors, atmospheric lighting, fantastical and mysterious mood, vintage tabletop game aesthetic, painted by artists like Larry Elmore or Keith Parkinson, slight paper texture, adventurous composition --ar 4:3 --s 400","You are beneath the walls of the river canyon which may be climbable here. The lesser part of the runoff of Aragain Falls flows by below. To the north is a narrow path., retro 1980s fantasy RPG illustration, hand-painted style, reminiscent of classic Dungeons & Dragons adventure module artwork, rich colors, atmospheric lighting, fantastical and mysterious mood, vintage tabletop game aesthetic, painted by artists like Larry Elmore or Keith Parkinson, slight paper texture, adventurous composition"
Rocky Ledge,other,rocky-ledge.jpg,"You are on a ledge about halfway up the wall of the river canyon. You can see from here that the main flow from Aragain Falls twists along a passage which it is impossible for you to enter. Below you is the canyon bottom. Above you is more cliff, which appears climbable.","You are on a ledge about halfway up the wall of the river canyon. You can see from here that the main flow from Aragain Falls twists along a passage which it is impossible for you to enter. Below you is the canyon bottom. Above you is more cliff, which appears climbable., retro 1980s fantasy RPG illustration, hand-painted style, reminiscent of classic Dungeons & Dragons adventure module artwork, rich colors, atmospheric lighting, fantastical and mysterious mood, vintage tabletop game aesthetic, painted by artists like Larry Elmore or Keith Parkinson, slight paper texture, adventurous composition --ar 4:3 --s 400","You are on a ledge about halfway up the wall of the river canyon. You can see from here that the main flow from Aragain Falls twists along a passage which it is impossible for you to enter. Below you is the canyon bottom. Above you is more cliff, which appears climbable., retro 1980s fantasy RPG illustration, hand-painted style, reminiscent of classic Dungeons & Dragons adventure module artwork, rich colors, atmospheric lighting, fantastical and mysterious mood, vintage tabletop game aesthetic, painted by artists like Larry Elmore or Keith Parkinson, slight paper texture, adventurous composition"
Canyon View,dungeon,canyon-view.jpg,"You are at the top of the Great Canyon on its west wall. From here there is a marvelous view of the canyon and parts of the Frigid River upstream. Across the canyon, the walls of the White Cliffs join the mighty ramparts of the Flathead Mountains to the east. Following the Canyon upstream to the north, Aragain Falls may be seen, complete with rainbow. The mighty Frigid River flows out from a great dark cavern. To the west and south can be seen an immense forest, stretching for miles around. A path leads northwest. It is possible to climb down into the canyon from here.","You are at the top of the Great Canyon on its west wall. From here there is a marvelous view of the canyon and parts of the Frigid River upstream. Across the canyon, the walls of the White Cliffs join the mighty ramparts of the Flathead Mountains to the east. Following the Canyon upstream to the north, Aragain Falls may be seen, complete with rainbow. The mighty Frigid River flows out from a great dark cavern. To the west and south can be seen an immense forest, stretching for miles around. A path leads northwest. It is possible to climb down into the canyon from here., retro 1980s fantasy RPG illustration, hand-painted style, reminiscent of classic Dungeons & Dragons adventure module artwork, rich colors, atmospheric lighting, fantastical and mysterious mood, vintage tabletop game aesthetic, painted by artists like Larry Elmore or Keith Parkinson, slight paper texture, adventurous composition --ar 4:3 --s 400","You are at the top of the Great Canyon on its west wall. From here there is a marvelous view of the canyon and parts of the Frigid River upstream. Across the canyon, the walls of the White Cliffs join the mighty ramparts of the Flathead Mountains to the east. Following the Canyon upstream to the north, Aragain Falls may be seen, complete with rainbow. The mighty Frigid River flows out from a great dark cavern. To the west and south can be seen an immense forest, stretching for miles around. A path leads northwest. It is possible to climb down into the canyon from here., retro 1980s fantasy RPG illustration, hand-painted style, reminiscent of classic Dungeons & Dragons adventure module artwork, rich colors, atmospheric lighting, fantastical and mysterious mood, vintage tabletop game aesthetic, painted by artists like Larry Elmore or Keith Parkinson, slight paper texture, adventurous composition"
Mine Entrance,other,mine-entrance.jpg,"You are standing at the entrance of what might have been a coal mine. The shaft enters the west wall, and there is another exit on the south end of the room.","You are standing at the entrance of what might have been a coal mine. The shaft enters the west wall, and there is another exit on the south end of the room., retro 1980s fantasy RPG illustration, hand-painted style, reminiscent of classic Dungeons & Dragons adventure module artwork, rich colors, atmospheric lighting, fantastical and mysterious mood, vintage tabletop game aesthetic, painted by artists like Larry Elmore or Keith Parkinson, slight paper texture, adventurous composition --ar 4:3 --s 400","You are standing at the entrance of what might have been a coal mine. The shaft enters the west wall, and there is another exit on the south end of the room., retro 1980s fantasy RPG illustration, hand-painted style, reminiscent of classic Dungeons & Dragons adventure module artwork, rich colors, atmospheric lighting, fantastical and mysterious mood, vintage tabletop game aesthetic, painted by artists like Larry Elmore or Keith Parkinson, slight paper texture, adventurous composition"
Squeaky Room,other,squeaky-room.jpg,You are in a small room. Strange squeaky sounds may be heard coming from the passage at the north end. You may also escape to the east.,"You are in a small room. Strange squeaky sounds may be heard coming from the passage at the north end. You may also escape to the east., retro 1980s fantasy RPG illustration, hand-painted style, reminiscent of classic Dungeons & Dragons adventure module artwork, rich colors, atmospheric lighting, fantastical and mysterious mood, vintage tabletop game aesthetic, painted by artists like Larry Elmore or Keith Parkinson, slight paper texture, adventurous composition --ar 4:3 --s 400","You are in a small room. Strange squeaky sounds may be heard coming from the passage at the north end. You may also escape to the east., retro 1980s fantasy RPG illustration, hand-painted style, reminiscent of classic Dungeons & Dragons adventure module artwork, rich colors, atmospheric lighting, fantastical and mysterious mood, vintage tabletop game aesthetic, painted by artists like Larry Elmore or Keith Parkinson, slight paper texture, adventurous composition"
Bat Room,other,bat-room.jpg,A mysterious location known as Bat Room,"A mysterious location known as Bat Room, retro 1980s fantasy RPG illustration, hand-painted style, reminiscent of classic Dungeons & Dragons adventure module artwork, rich colors, atmospheric lighting, fantastical and mysterious mood, vintage tabletop game aesthetic, painted by artists like Larry Elmore or Keith Parkinson, slight paper texture, adventurous composition --ar 4:3 --s 400","A mysterious location known as Bat Room, retro 1980s fantasy RPG illustration, hand-painted style, reminiscent of classic Dungeons & Dragons adventure module artwork, rich colors, atmospheric lighting, fantastical and mysterious mood, vintage tabletop game aesthetic, painted by artists like Larry Elmore or Keith Parkinson, slight paper texture, adventurous composition"
Shaft Room,other,shaft-room.jpg,"This is a large room, in the middle of which is a small shaft descending through the floor into darkness below. To the west and the north are exits from this room. Constructed over the top of the shaft is a metal framework to which a heavy iron chain is attached.","This is a large room, in the middle of which is a small shaft descending through the floor into darkness below. To the west and the north are exits from this room. Constructed over the top of the shaft is a metal framework to which a heavy iron chain is attached., retro 1980s fantasy RPG illustration, hand-painted style, reminiscent of classic Dungeons & Dragons adventure module artwork, rich colors, atmospheric lighting, fantastical and mysterious mood, vintage tabletop game aesthetic, painted by artists like Larry Elmore or Keith Parkinson, slight paper texture, adventurous composition --ar 4:3 --s 400","This is a large room, in the middle of which is a small shaft descending through the floor into darkness below. To the west and the north are exits from this room. Constructed over the top of the shaft is a metal framework to which a heavy iron chain is attached., retro 1980s fantasy RPG illustration, hand-painted style, reminiscent of classic Dungeons & Dragons adventure module artwork, rich colors, atmospheric lighting, fantastical and mysterious mood, vintage tabletop game aesthetic, painted by artists like Larry Elmore or Keith Parkinson, slight paper texture, adventurous composition"
Smelly Room,other,smelly-room.jpg,"This is a small nondescript room. However, from the direction of a small descending staircase a foul odor can be detected. To the south is a narrow tunnel.","This is a small nondescript room. However, from the direction of a small descending staircase a foul odor can be detected. To the south is a narrow tunnel., retro 1980s fantasy RPG illustration, hand-painted style, reminiscent of classic Dungeons & Dragons adventure module artwork, rich colors, atmospheric lighting, fantastical and mysterious mood, vintage tabletop game aesthetic, painted by artists like Larry Elmore or Keith Parkinson, slight paper texture, adventurous composition --ar 4:3 --s 400","This is a small nondescript room. However, from the direction of a small descending staircase a foul odor can be detected. To the south is a narrow tunnel., retro 1980s fantasy RPG illustration, hand-painted style, reminiscent of classic Dungeons & Dragons adventure module artwork, rich colors, atmospheric lighting, fantastical and mysterious mood, vintage tabletop game aesthetic, painted by artists like Larry Elmore or Keith Parkinson, slight paper texture, adventurous composition"
Gas Room,other,gas-room.jpg,This is a small room which smells strongly of coal gas. There is a short climb up some stairs and a narrow tunnel leading east.,"This is a small room which smells strongly of coal gas. There is a short climb up some stairs and a narrow tunnel leading east., retro 1980s fantasy RPG illustration, hand-painted style, reminiscent of classic Dungeons & Dragons adventure module artwork, rich colors, atmospheric lighting, fantastical and mysterious mood, vintage tabletop game aesthetic, painted by artists like Larry Elmore or Keith Parkinson, slight paper texture, adventurous composition --ar 4:3 --s 400","This is a small room which smells strongly of coal gas. There is a short climb up some stairs and a narrow tunnel leading east., retro 1980s fantasy RPG illustration, hand-painted style, reminiscent of classic Dungeons & Dragons adventure module artwork, rich colors, atmospheric lighting, fantastical and mysterious mood, vintage tabletop game aesthetic, painted by artists like Larry Elmore or Keith Parkinson, slight paper texture, adventurous composition"
Ladder Top,other,ladder-top.jpg,"This is a very small room. In the corner is a rickety wooden ladder, leading downward. It might be safe to descend. There is also a staircase leading upward.","This is a very small room. In the corner is a rickety wooden ladder, leading downward. It might be safe to descend. There is also a staircase leading upward., retro 1980s fantasy RPG illustration, hand-painted style, reminiscent of classic Dungeons & Dragons adventure module artwork, rich colors, atmospheric lighting, fantastical and mysterious mood, vintage tabletop game aesthetic, painted by artists like Larry Elmore or Keith Parkinson, slight paper texture, adventurous composition --ar 4:3 --s 400","This is a very small room. In the corner is a rickety wooden ladder, leading downward. It might be safe to descend. There is also a staircase leading upward., retro 1980s fantasy RPG illustration, hand-painted style, reminiscent of classic Dungeons & Dragons adventure module artwork, rich colors, atmospheric lighting, fantastical and mysterious mood, vintage tabletop game aesthetic, painted by artists like Larry Elmore or Keith Parkinson, slight paper texture, adventurous composition"
Ladder Bottom,other,ladder-bottom.jpg,This is a rather wide room. On one side is the bottom of a narrow wooden ladder. To the west and the south are passages leaving the room.,"This is a rather wide room. On one side is the bottom of a narrow wooden ladder. To the west and the south are passages leaving the room., retro 1980s fantasy RPG illustration, hand-painted style, reminiscent of classic Dungeons & Dragons adventure module artwork, rich colors, atmospheric lighting, fantastical and mysterious mood, vintage tabletop game aesthetic, painted by artists like Larry Elmore or Keith Parkinson, slight paper texture, adventurous composition --ar 4:3 --s 400","This is a rather wide room. On one side is the bottom of a narrow wooden ladder. To the west and the south are passages leaving the room., retro 1980s fantasy RPG illustration, hand-painted style, reminiscent of classic Dungeons & Dragons adventure module artwork, rich colors, atmospheric lighting, fantastical and mysterious mood, vintage tabletop game aesthetic, painted by artists like Larry Elmore or Keith Parkinson, slight paper texture, adventurous composition"
Dead End,other,dead-end.jpg,You have come to a dead end in the mine.,"You have come to a dead end in the mine., retro 1980s fantasy RPG illustration, hand-painted style, reminiscent of classic Dungeons & Dragons adventure module artwork, rich colors, atmospheric lighting, fantastical and mysterious mood, vintage tabletop game aesthetic, painted by artists like Larry Elmore or Keith Parkinson, slight paper texture, adventurous composition --ar 4:3 --s 400","You have come to a dead end in the mine., retro 1980s fantasy RPG illustration, hand-painted style, reminiscent of classic Dungeons & Dragons adventure module artwork, rich colors, atmospheric lighting, fantastical and mysterious mood, vintage tabletop game aesthetic, painted by artists like Larry Elmore or Keith Parkinson, slight paper texture, adventurous composition"
Timber Room,other,timber-room.jpg,"This is a long and narrow passage, which is cluttered with broken timbers. A wide passage comes from the east and turns at the west end of the room into a very narrow passageway. From the west comes a strong draft.","This is a long and narrow passage, which is cluttered with broken timbers. A wide passage comes from the east and turns at the west end of the room into a very narrow passageway. From the west comes a strong draft., retro 1980s fantasy RPG illustration, hand-painted style, reminiscent of classic Dungeons & Dragons adventure module artwork, rich colors, atmospheric lighting, fantastical and mysterious mood, vintage tabletop game aesthetic, painted by artists like Larry Elmore or Keith Parkinson, slight paper texture, adventurous composition --ar 4:3 --s 400","This is a long and narrow passage, which is cluttered with broken timbers. A wide passage comes from the east and turns at the west end of the room into a very narrow passageway. From the west comes a strong draft., retro 1980s fantasy RPG illustration, hand-painted style, reminiscent of classic Dungeons & Dragons adventure module artwork, rich colors, atmospheric lighting, fantastical and mysterious mood, vintage tabletop game aesthetic, painted by artists like Larry Elmore or Keith Parkinson, slight paper texture, adventurous composition"
Drafty Room,other,drafty-room.jpg,This is a small drafty room in which is the bottom of a long shaft. To the south is a passageway and to the east a very narrow passage. In the shaft can be seen a heavy iron chain.,"This is a small drafty room in which is the bottom of a long shaft. To the south is a passageway and to the east a very narrow passage. In the shaft can be seen a heavy iron chain., retro 1980s fantasy RPG illustration, hand-painted style, reminiscent of classic Dungeons & Dragons adventure module artwork, rich colors, atmospheric lighting, fantastical and mysterious mood, vintage tabletop game aesthetic, painted by artists like Larry Elmore or Keith Parkinson, slight paper texture, adventurous composition --ar 4:3 --s 400","This is a small drafty room in which is the bottom of a long shaft. To the south is a passageway and to the east a very narrow passage. In the shaft can be seen a heavy iron chain., retro 1980s fantasy RPG illustration, hand-painted style, reminiscent of classic Dungeons & Dragons adventure module artwork, rich colors, atmospheric lighting, fantastical and mysterious mood, vintage tabletop game aesthetic, painted by artists like Larry Elmore or Keith Parkinson, slight paper texture, adventurous composition"
Machine Room,other,machine-room.jpg,A mysterious location known as Machine Room,"A mysterious location known as Machine Room, retro 1980s fantasy RPG illustration, hand-painted style, reminiscent of classic Dungeons & Dragons adventure module artwork, rich colors, atmospheric lighting, fantastical and mysterious mood, vintage tabletop game aesthetic, painted by artists like Larry Elmore or Keith Parkinson, slight paper texture, adventurous composition --ar 4:3 --s 400","A mysterious location known as Machine Room, retro 1980s fantasy RPG illustration, hand-painted style, reminiscent of classic Dungeons & Dragons adventure module artwork, rich colors, atmospheric lighting, fantastical and mysterious mood, vintage tabletop game aesthetic, painted by artists like Larry Elmore or Keith Parkinson, slight paper texture, adventurous composition"
Coal Mine,other,coal-mine.jpg,This is a nondescript part of a coal mine.,"This is a nondescript part of a coal mine., retro 1980s fantasy RPG illustration, hand-painted style, reminiscent of classic Dungeons & Dragons adventure module artwork, rich colors, atmospheric lighting, fantastical and mysterious mood, vintage tabletop game aesthetic, painted by artists like Larry Elmore or Keith Parkinson, slight paper texture, adventurous composition --ar 4:3 --s 400","This is a nondescript part of a coal mine., retro 1980s fantasy RPG illustration, hand-painted style, reminiscent of classic Dungeons & Dragons adventure module artwork, rich colors, atmospheric lighting, fantastical and mysterious mood, vintage tabletop game aesthetic, painted by artists like Larry Elmore or Keith Parkinson, slight paper texture, adventurous composition"
Coal Mine,other,coal-mine.jpg,This is a nondescript part of a coal mine.,"This is a nondescript part of a coal mine., retro 1980s fantasy RPG illustration, hand-painted style, reminiscent of classic Dungeons & Dragons adventure module artwork, rich colors, atmospheric lighting, fantastical and mysterious mood, vintage tabletop game aesthetic, painted by artists like Larry Elmore or Keith Parkinson, slight paper texture, adventurous composition --ar 4:3 --s 400","This is a nondescript part of a coal mine., retro 1980s fantasy RPG illustration, hand-painted style, reminiscent of classic Dungeons & Dragons adventure module artwork, rich colors, atmospheric lighting, fantastical and mysterious mood, vintage tabletop game aesthetic, painted by artists like Larry Elmore or Keith Parkinson, slight paper texture, adventurous composition"
Coal Mine,other,coal-mine.jpg,This is a nondescript part of a coal mine.,"This is a nondescript part of a coal mine., retro 1980s fantasy RPG illustration, hand-painted style, reminiscent of classic Dungeons & Dragons adventure module artwork, rich colors, atmospheric lighting, fantastical and mysterious mood, vintage tabletop game aesthetic, painted by artists like Larry Elmore or Keith Parkinson, slight paper texture, adventurous composition --ar 4:3 --s 400","This is a nondescript part of a coal mine., retro 1980s fantasy RPG illustration, hand-painted style, reminiscent of classic Dungeons & Dragons adventure module artwork, rich colors, atmospheric lighting, fantastical and mysterious mood, vintage tabletop game aesthetic, painted by artists like Larry Elmore or Keith Parkinson, slight paper texture, adventurous composition"
Coal Mine,other,coal-mine.jpg,This is a nondescript part of a coal mine.,"This is a nondescript part of a coal mine., retro 1980s fantasy RPG illustration, hand-painted style, reminiscent of classic Dungeons & Dragons adventure module artwork, rich colors, atmospheric lighting, fantastical and mysterious mood, vintage tabletop game aesthetic, painted by artists like Larry Elmore or Keith Parkinson, slight paper texture, adventurous composition --ar 4:3 --s 400","This is a nondescript part of a coal mine., retro 1980s fantasy RPG illustration, hand-painted style, reminiscent of classic Dungeons & Dragons adventure module artwork, rich colors, atmospheric lighting, fantastical and mysterious mood, vintage tabletop game aesthetic, painted by artists like Larry Elmore or Keith Parkinson, slight paper texture, adventurous composition"
Slide Room,dungeon,slide-room.jpg,"This is a small chamber, which appears to have been part of a coal mine. On the south wall of the chamber the letters \""Granite Wall\"" are etched in the rock. To the east is a long passage, and there is a steep metal slide twisting downward. To the north is a small opening.","This is a small chamber, which appears to have been part of a coal mine. On the south wall of the chamber the letters \""Granite Wall\"" are etched in the rock. To the east is a long passage, and there is a steep metal slide twisting downward. To the north is a small opening., retro 1980s fantasy RPG illustration, hand-painted style, reminiscent of classic Dungeons & Dragons adventure module artwork, rich colors, atmospheric lighting, fantastical and mysterious mood, vintage tabletop game aesthetic, painted by artists like Larry Elmore or Keith Parkinson, slight paper texture, adventurous composition --ar 4:3 --s 400","This is a small chamber, which appears to have been part of a coal mine. On the south wall of the chamber the letters \""Granite Wall\"" are etched in the rock. To the east is a long passage, and there is a steep metal slide twisting downward. To the north is a small opening., retro 1980s fantasy RPG illustration, hand-painted style, reminiscent of classic Dungeons & Dragons adventure module artwork, rich colors, atmospheric lighting, fantastical and mysterious mood, vintage tabletop game aesthetic, painted by artists like Larry Elmore or Keith Parkinson, slight paper texture, adventurous composition"
